{"stats":{"minecraft:killed":{"alexsmobs:raccoon":2,"minecraft:zombie":4,"minecraft:illusioner":1},"minecraft:crafted":{"minecraft:wooden_sword":1,"minecraft:oak_planks":16,"minecraft:crafting_table":3,"minecraft:spruce_planks":76,"minecraft:wooden_pickaxe":2,"minecraft:baked_potato":10,"minecraft:stone_axe":1,"minecraft:charcoal":4,"expanded_combat:oak_plank_katana":1,"minecraft:stick":16,"minecraft:wooden_axe":3,"craftingfun:emeraldine_sword":1},"minecraft:used":{"minecraft:purple_candle":1,"minecraft:baked_potato":5,"minecraft:spruce_planks":2,"minecraft:wooden_pickaxe":4,"expanded_combat:oak_plank_katana":6,"minecraft:crafting_table":5,"minecraft:wooden_axe":81,"minecraft:bread":7,"minecraft:stone_axe":39,"minecraft:bow":8,"minecraft:furnace":1,"craftingfun:emeraldine_sword":5,"minecraft:stripped_spruce_wood":2},"minecraft:custom":{"lootr:looted_stat":8,"minecraft:interact_with_furnace":11,"minecraft:mob_kills":7,"tombstone:raider_killed":1,"minecraft:interact_with_crafting_table":8,"minecraft:open_barrel":1,"minecraft:interact_with_stonecutter":1,"minecraft:leave_game":1,"minecraft:time_since_death":1321,"minecraft:sleep_in_bed":2,"minecraft:climb_one_cm":136,"minecraft:time_since_rest":1056,"minecraft:sprint_one_cm":132718,"minecraft:damage_taken":1341,"minecraft:walk_one_cm":134298,"minecraft:drop":1,"minecraft:damage_dealt":903,"minecraft:talked_to_villager":2,"minecraft:fly_one_cm":95374,"minecraft:crouch_one_cm":53,"tombstone:undead_killed":4,"minecraft:play_time":30997,"minecraft:deaths":3,"minecraft:sneak_time":1,"minecraft:jump":565,"minecraft:total_world_time":30997,"minecraft:fall_one_cm":16542},"minecraft:mined":{"quark:shale":1,"minecraft:purple_candle":1,"minecraft:powder_snow":39,"minecraft:crafting_table":5,"minecraft:grass_block":1,"minecraft:campfire":1,"minecraft:purple_bed":1,"minecraft:stripped_spruce_wood":2,"minecraft:spruce_log":43,"biomesoplenty:maple_leaves":3,"minecraft:grass":6,"minecraft:oak_log":6,"minecraft:dirt":2,"minecraft:cobweb":2,"minecraft:stone":3,"minecraft:spruce_fence_gate":1,"minecraft:spruce_slab":5},"minecraft:killed_by":{"alexsmobs:tusklin":1,"minecraft:illusioner":2},"minecraft:picked_up":{"minecraft:leather_chestplate":1,"minecraft:charcoal":2,"minecraft:crafting_table":5,"minecraft:stripped_spruce_wood":2,"minecraft:oak_log":6,"minecraft:dirt":1,"minecraft:string":2,"minecraft:armor_stand":1,"minecraft:wheat_seeds":1,"minecraft:spruce_slab":5,"minecraft:stick":5,"quark:shale":1,"minecraft:porkchop":2,"minecraft:spruce_sapling":12,"minecraft:spruce_log":44,"minecraft:leather_helmet":1,"minecraft:purple_candle":1,"minecraft:spruce_fence_gate":1,"minecraft:purple_bed":1,"minecraft:beetroot_seeds":6,"minecraft:bread":3,"minecraft:cobblestone":3},"minecraft:dropped":{"minecraft:beetroot_soup":1}},"DataVersion":3465}