{"stats":{"minecraft:custom":{"minecraft:time_since_rest":9920,"minecraft:interact_with_furnace":3,"minecraft:sprint_one_cm":23457,"minecraft:damage_taken":205,"minecraft:walk_one_cm":14502,"minecraft:mob_kills":7,"minecraft:damage_dealt":260,"minecraft:swim_one_cm":3081,"minecraft:interact_with_crafting_table":4,"minecraft:fly_one_cm":6776,"minecraft:crouch_one_cm":360,"minecraft:play_time":9920,"minecraft:sneak_time":75,"minecraft:walk_under_water_one_cm":12676,"minecraft:jump":58,"minecraft:time_since_death":9920,"minecraft:walk_on_water_one_cm":4253,"minecraft:total_world_time":9920,"minecraft:fall_one_cm":1498},"minecraft:crafted":{"minecraft:crafting_table":1,"minecraft:spruce_planks":24,"minecraft:stick":8,"minecraft:wooden_axe":1,"minecraft:wooden_pickaxe":1,"minecraft:stone_pickaxe":1,"minecraft:furnace":1,"minecraft:cooked_salmon":2,"minecraft:stone_axe":1},"minecraft:killed":{"alexsmobs:lobster":2,"minecraft:salmon":5},"minecraft:picked_up":{"minecraft:crafting_table":2,"minecraft:salmon":4,"minecraft:spruce_log":8,"minecraft:dirt":1,"minecraft:coal":4,"minecraft:cobblestone":24},"minecraft:mined":{"minecraft:spruce_log":7,"minecraft:crafting_table":2,"minecraft:coal_ore":2,"minecraft:dirt":1,"minecraft:stone":27},"minecraft:used":{"minecraft:wooden_axe":1,"minecraft:stone_pickaxe":21,"minecraft:wooden_pickaxe":9,"minecraft:cooked_salmon":2,"minecraft:stone_axe":8,"minecraft:crafting_table":3,"minecraft:furnace":1,"alexsmobs:animal_dictionary":1}},"DataVersion":3465}