{"stats":{"minecraft:crafted":{"minecraft:crafting_table":2,"minecraft:spruce_planks":64,"minecraft:stick":12,"minecraft:wooden_pickaxe":2,"minecraft:wooden_axe":2},"minecraft:killed":{"alexsmobs:raccoon":2},"minecraft:custom":{"minecraft:time_since_rest":5307,"minecraft:play_time":6997,"minecraft:crouch_one_cm":53,"lootr:looted_stat":1,"minecraft:sprint_one_cm":56406,"minecraft:damage_taken":391,"minecraft:walk_one_cm":33772,"minecraft:deaths":1,"minecraft:sneak_time":1,"minecraft:mob_kills":2,"minecraft:jump":222,"minecraft:damage_dealt":284,"minecraft:leave_game":1,"minecraft:time_since_death":5744,"minecraft:total_world_time":6997,"minecraft:climb_one_cm":136,"minecraft:interact_with_crafting_table":4,"minecraft:fall_one_cm":8668,"minecraft:fly_one_cm":46702},"minecraft:used":{"minecraft:wooden_axe":29,"minecraft:crafting_table":2},"minecraft:mined":{"minecraft:spruce_log":24,"minecraft:crafting_table":2},"minecraft:killed_by":{"alexsmobs:tusklin":1},"minecraft:picked_up":{"minecraft:armor_stand":1,"minecraft:crafting_table":2,"minecraft:stick":2,"minecraft:leather_chestplate":1,"minecraft:porkchop":2,"minecraft:spruce_sapling":6,"minecraft:spruce_log":25,"minecraft:leather_helmet":1}},"DataVersion":3465}