{"stats":{"minecraft:custom":{"minecraft:time_since_rest":1,"minecraft:interact_with_furnace":9,"minecraft:sprint_one_cm":37055,"minecraft:damage_taken":716,"minecraft:walk_one_cm":55062,"minecraft:mob_kills":9,"minecraft:damage_dealt":499,"minecraft:swim_one_cm":3081,"minecraft:interact_with_crafting_table":8,"minecraft:fly_one_cm":11677,"minecraft:deaths":1,"minecraft:crouch_one_cm":1515,"minecraft:play_time":21920,"tombstone:undead_killed":1,"minecraft:sneak_time":340,"minecraft:walk_under_water_one_cm":12676,"minecraft:jump":227,"minecraft:time_since_death":27,"minecraft:walk_on_water_one_cm":4362,"minecraft:total_world_time":21920,"minecraft:fall_one_cm":10061},"minecraft:crafted":{"minecraft:oak_planks":56,"minecraft:iron_chestplate":1,"minecraft:crafting_table":1,"minecraft:spruce_planks":32,"minecraft:stick":8,"minecraft:iron_ingot":9,"minecraft:wooden_axe":1,"minecraft:wooden_pickaxe":1,"minecraft:stone_pickaxe":1,"minecraft:furnace":1,"minecraft:cooked_salmon":4,"minecraft:dark_oak_planks":24,"minecraft:birch_planks":138,"minecraft:stone_axe":1},"minecraft:killed":{"minecraft:skeleton":1,"alexsmobs:lobster":2,"minecraft:chicken":1,"minecraft:salmon":5},"minecraft:picked_up":{"minecraft:birch_log":41,"minecraft:stick":9,"minecraft:raw_iron":9,"minecraft:crafting_table":6,"minecraft:chicken":1,"minecraft:salmon":4,"biomesoplenty:orange_autumn_sapling":2,"minecraft:birch_planks":1,"minecraft:oak_log":14,"minecraft:spruce_log":8,"minecraft:dark_oak_log":6,"minecraft:dirt":9,"biomesoplenty:yellow_autumn_sapling":18,"minecraft:bone":1,"minecraft:arrow":2,"minecraft:apple":2,"minecraft:oak_sapling":1,"minecraft:coal":4,"minecraft:cobblestone":50,"minecraft:furnace":1},"minecraft:mined":{"minecraft:birch_planks":1,"biomesoplenty:orange_autumn_leaves":5,"minecraft:furnace":1,"minecraft:birch_log":46,"minecraft:iron_ore":9,"minecraft:spruce_log":7,"minecraft:dark_oak_log":6,"biomesoplenty:maple_leaves":1,"minecraft:crafting_table":6,"minecraft:grass":2,"minecraft:grass_block":3,"minecraft:oak_log":14,"minecraft:coal_ore":2,"minecraft:dirt":7,"minecraft:stone":53},"minecraft:used":{"minecraft:wooden_axe":1,"minecraft:apple":2,"minecraft:birch_planks":1,"minecraft:stone_pickaxe":58,"minecraft:oak_planks":31,"minecraft:wooden_pickaxe":9,"minecraft:cooked_salmon":4,"minecraft:stone_axe":91,"minecraft:crafting_table":6,"minecraft:furnace":1,"alexsmobs:animal_dictionary":1}},"DataVersion":3465}