{"stats":{"minecraft:killed":{"alexsmobs:grizzly_bear":1,"alexsmobs:raccoon":2,"minecraft:skeleton":1,"minecraft:zombie":4,"minecraft:illusioner":1},"minecraft:crafted":{"minecraft:wooden_sword":1,"expanded_combat:stone_katana":1,"minecraft:oak_planks":16,"minecraft:crafting_table":3,"minecraft:spruce_planks":76,"minecraft:wooden_pickaxe":3,"minecraft:baked_potato":10,"minecraft:stone_axe":2,"minecraft:bread":12,"minecraft:charcoal":4,"expanded_combat:oak_plank_katana":1,"minecraft:stick":20,"minecraft:stone_pickaxe":1,"minecraft:wooden_axe":3,"minecraft:stone_sword":1,"craftingfun:emeraldine_sword":1,"minecraft:wheat":36},"minecraft:used":{"minecraft:purple_candle":1,"minecraft:stone_pickaxe":74,"minecraft:baked_potato":5,"minecraft:spruce_planks":5,"minecraft:wooden_pickaxe":21,"expanded_combat:oak_plank_katana":8,"minecraft:dirt":3,"minecraft:crafting_table":8,"minecraft:wooden_axe":85,"minecraft:bread":10,"minecraft:stone_axe":40,"minecraft:cobblestone":3,"minecraft:bow":13,"minecraft:purple_bed":1,"minecraft:furnace":1,"craftingfun:emeraldine_sword":5,"minecraft:stripped_spruce_wood":2},"minecraft:custom":{"lootr:looted_stat":8,"minecraft:interact_with_furnace":11,"minecraft:mob_kills":9,"tombstone:raider_killed":1,"minecraft:interact_with_crafting_table":12,"minecraft:open_barrel":1,"minecraft:interact_with_stonecutter":1,"minecraft:leave_game":1,"minecraft:time_since_death":13321,"minecraft:sleep_in_bed":3,"minecraft:climb_one_cm":136,"minecraft:time_since_rest":9994,"minecraft:sprint_one_cm":177338,"minecraft:damage_taken":1421,"minecraft:walk_one_cm":161344,"minecraft:drop":2,"minecraft:damage_dealt":973,"minecraft:talked_to_villager":2,"minecraft:fly_one_cm":127078,"minecraft:crouch_one_cm":57,"tombstone:undead_killed":5,"minecraft:play_time":42997,"minecraft:deaths":3,"minecraft:sneak_time":6,"minecraft:walk_under_water_one_cm":809,"minecraft:jump":772,"minecraft:walk_on_water_one_cm":345,"minecraft:total_world_time":42997,"minecraft:fall_one_cm":22704},"minecraft:mined":{"quark:shale":1,"minecraft:purple_candle":1,"minecraft:powder_snow":39,"minecraft:crafting_table":8,"minecraft:grass_block":2,"minecraft:campfire":1,"minecraft:copper_ore":11,"minecraft:cobblestone":3,"minecraft:hay_block":4,"minecraft:purple_bed":2,"minecraft:stripped_spruce_wood":2,"minecraft:spruce_log":43,"biomesoplenty:maple_leaves":3,"minecraft:coal_ore":12,"minecraft:grass":15,"minecraft:oak_log":6,"minecraft:dirt":4,"minecraft:cobweb":2,"minecraft:stone":53,"minecraft:spruce_fence_gate":1,"minecraft:spruce_slab":5,"minecraft:fern":1},"minecraft:killed_by":{"alexsmobs:tusklin":1,"minecraft:illusioner":2},"minecraft:picked_up":{"minecraft:leather_chestplate":1,"minecraft:charcoal":2,"minecraft:crafting_table":8,"minecraft:stripped_spruce_wood":2,"minecraft:oak_log":6,"minecraft:dirt":4,"minecraft:string":2,"minecraft:raw_copper":36,"minecraft:armor_stand":1,"minecraft:bone":2,"minecraft:wheat_seeds":2,"minecraft:spruce_slab":5,"minecraft:stick":5,"quark:shale":1,"minecraft:porkchop":2,"minecraft:spruce_sapling":12,"minecraft:spruce_log":44,"minecraft:leather_helmet":1,"minecraft:arrow":1,"minecraft:purple_candle":1,"minecraft:spruce_fence_gate":1,"minecraft:purple_bed":2,"minecraft:beetroot_seeds":6,"minecraft:hay_block":4,"minecraft:bread":3,"minecraft:coal":12,"minecraft:cobblestone":52},"minecraft:dropped":{"minecraft:bread":5,"minecraft:beetroot_soup":1}},"DataVersion":3465}