{"stats":{"minecraft:dropped":{"twilightforest:nagastone":2,"minecraft:iron_ingot":25,"minecraft:bread":5,"minecraft:wheat_seeds":3,"minecraft:glass_bottle":1,"minecraft:cobblestone":11,"expanded_combat:oak_plank_katana":1,"minecraft:granite":4,"craftingfun:copper_armor_chestplate":2,"minecraft:copper_ingot":1,"minecraft:emerald":1,"minecraft:spruce_fence_gate":1,"minecraft:dirt":25,"minecraft:diorite":24,"craftingfun:samilus_dust":3,"tombstone:grave_key":1,"minecraft:wooden_axe":1,"craftingfun:samilus_armor_helmet":1,"minecraft:cherry_planks":2,"craftingfun:zeratium":4,"craftingfun:zeratium_armor_leggings":2,"minecraft:beetroot_soup":1,"craftingfun:yanium_armor_boots":1,"ars_nouveau:wilden_spike":4,"minecraft:cobbled_deepslate":7,"craftingfun:weak_chocolate_ore":1,"tombstone:gift":2,"craftingfun:mendinamium":1,"minecraft:rotten_flesh":3,"craftingfun:copper_armor_boots":2,"minecraft:oak_planks":1,"craftingfun:samilus_armor_chestplate":1,"craftingfun:yanium_armor_helmet":1,"knightsnmages:citrin_gem":1,"minecraft:flower_pot":1,"craftingfun:yanium_armor_chestplate":1,"minecraft:spruce_planks":9,"minecraft:andesite":8,"craftingfun:yanium_armor_leggings":1,"minecraft:bamboo":1,"minecraft:spider_eye":1,"minecraft:spruce_slab":5,"craftingfun:samilus_sword":1,"minecraft:stone_pickaxe":1,"minecraft:wooden_pickaxe":1,"craftingfun:znibus":17},"minecraft:custom":{"minecraft:interact_with_smithing_table":1,"lootr:looted_stat":12,"minecraft:interact_with_anvil":1,"minecraft:mob_kills":38,"minecraft:interact_with_crafting_table":52,"minecraft:open_barrel":8,"minecraft:leave_game":3,"minecraft:time_since_death":14919,"minecraft:climb_one_cm":1145,"minecraft:sprint_one_cm":359017,"minecraft:walk_one_cm":439483,"minecraft:drop":72,"minecraft:talked_to_villager":3,"minecraft:play_time":140840,"minecraft:deaths":6,"minecraft:sneak_time":710,"minecraft:walk_under_water_one_cm":6907,"minecraft:jump":1791,"minecraft:walk_on_water_one_cm":41895,"minecraft:total_world_time":140840,"minecraft:interact_with_furnace":34,"tombstone:raider_killed":1,"minecraft:interact_with_stonecutter":1,"minecraft:sleep_in_bed":10,"minecraft:time_since_rest":12520,"minecraft:damage_taken":3518,"minecraft:damage_dealt":5957,"minecraft:open_chest":6,"minecraft:fly_one_cm":3573415,"minecraft:crouch_one_cm":1515,"tombstone:undead_killed":21,"minecraft:fall_one_cm":47999},"minecraft:crafted":{"minecraft:cherry_planks":176,"minecraft:wooden_sword":1,"minecraft:oak_planks":16,"craftingfun:zeratium_pickaxe":1,"craftingfun:zeratium_armor_leggings":1,"minecraft:furnace":2,"craftingfun:samilus_armor_chestplate":1,"twilightforest:cooked_venison":2,"craftingfun:yanium_pickaxe":1,"craftingfun:samilus_armor_helmet":1,"craftingfun:mendinamium_axe":1,"minecraft:iron_boots":1,"craftingfun:codium_ingot":8,"twilightforest:twilight_oak_planks":4,"craftingfun:znibus_armor_helmet":1,"craftingfun:yanium_armor_helmet":1,"craftingfun:znibus_pickaxe":1,"minecraft:stone_pickaxe":2,"craftingfun:yanium_armor_leggings":1,"craftingfun:yanium_armor_chestplate":1,"twilightforest:canopy_planks":12,"craftingfun:emeraldine_sword":1,"minecraft:wheat":36,"expanded_combat:stone_katana":1,"craftingfun:copper_armor_chestplate":1,"minecraft:crafting_table":7,"minecraft:spruce_planks":76,"minecraft:wooden_pickaxe":3,"minecraft:baked_potato":10,"minecraft:stone_axe":2,"craftingfun:copper_armor_boots":1,"minecraft:bread":13,"craftingfun:yanium_armor_boots":1,"craftingfun:znibus_armor_chestplate":1,"minecraft:charcoal":4,"expanded_combat:oak_plank_katana":1,"minecraft:stick":52,"minecraft:gold_ingot":4,"minecraft:iron_pickaxe":1,"minecraft:iron_ingot":19,"minecraft:wooden_axe":3,"minecraft:iron_leggings":1,"minecraft:stone_sword":1,"craftingfun:samilus_sword":1,"minecraft:torch":32,"craftingfun:codium_armor_chestplate":1},"minecraft:broken":{"minecraft:stone_pickaxe":1,"minecraft:stone_axe":1},"minecraft:killed":{"twilightforest:boar":2,"twilightforest:deer":2,"alexsmobs:raccoon":2,"minecraft:spider":4,"alexsmobs:murmur":1,"minecraft:skeleton":4,"quark:shiba":1,"minecraft:bee":3,"minecraft:illusioner":1,"alexsmobs:grizzly_bear":1,"minecraft:creeper":1,"minecraft:zombie":16},"minecraft:picked_up":{"minecraft:charcoal":2,"minecraft:crafting_table":15,"twilightforest:nagastone":2,"minecraft:string":6,"minecraft:raw_copper":36,"minecraft:armor_stand":1,"knightsnmages:citrin_gem":8,"craftingfun:znibus_armor_leggings":1,"minecraft:cobbled_deepslate":7,"comforts:sleeping_bag_white":2,"minecraft:spruce_planks":6,"craftingfun:znibus_armor_boots":2,"minecraft:spruce_slab":5,"minecraft:furnace":1,"minecraft:stick":11,"minecraft:raw_iron":46,"minecraft:copper_ingot":13,"minecraft:torch":6,"craftingfun:zeratium":14,"minecraft:porkchop":5,"minecraft:cherry_log":44,"tombstone:grave_dust":3,"minecraft:diorite":80,"minecraft:redstone":62,"minecraft:purple_candle":1,"minecraft:arrow":5,"minecraft:rotten_flesh":7,"minecraft:beetroot_seeds":6,"minecraft:hay_block":4,"ars_nouveau:sourceberry_bush":64,"minecraft:cobblestone":167,"minecraft:pink_petals":3,"minecraft:leather_chestplate":1,"twilightforest:twilight_oak_log":1,"craftingfun:codium_ore":8,"minecraft:cherry_planks":21,"minecraft:andesite":9,"minecraft:leather":2,"minecraft:oak_log":6,"minecraft:stripped_spruce_wood":2,"minecraft:lapis_lazuli":102,"minecraft:dirt":29,"craftingfun:copper_armor_boots":1,"twilightforest:raw_venison":6,"minecraft:bone":2,"minecraft:wheat_seeds":4,"knightsnmages:scarlet_gem":6,"minecraft:raw_gold":4,"minecraft:iron_ingot":20,"minecraft:bamboo":10,"craftingfun:zeratium_armor_leggings":1,"craftingfun:weak_chocolate_ore":1,"craftingfun:samilus_dust":22,"quark:shale":1,"craftingfun:yanium_dust":51,"craftingfun:znibus":33,"twilightforest:canopy_log":3,"minecraft:spruce_sapling":12,"minecraft:spruce_log":44,"ars_nouveau:wilden_spike":2,"minecraft:spider_eye":1,"minecraft:leather_helmet":1,"minecraft:spruce_fence_gate":1,"minecraft:purple_bed":4,"craftingfun:mendinamium":4,"craftingfun:copper_armor_chestplate":1,"minecraft:granite":5,"minecraft:cherry_sapling":9,"knightsnmages:moonlight_gem":6,"minecraft:bread":3,"craftingfun:znibus_sword":1,"minecraft:coal":30},"minecraft:mined":{"quark:shale":1,"minecraft:cherry_log":44,"minecraft:purple_candle":1,"minecraft:granite":4,"minecraft:grass_block":8,"craftingfun:yanium_ore":17,"minecraft:spawner":1,"minecraft:hay_block":4,"minecraft:redstone_ore":5,"minecraft:furnace":1,"knightsnmages:moonlight_ore":6,"minecraft:iron_ore":44,"craftingfun:codium_ore":8,"minecraft:andesite":6,"minecraft:deepslate_lapis_ore":3,"knightsnmages:scarlet_ore":6,"craftingfun:znibus_ore":27,"minecraft:deepslate_iron_ore":2,"craftingfun:weak_chocolate_ore":2,"minecraft:bamboo":3,"minecraft:stone":180,"minecraft:spruce_slab":5,"craftingfun:samilus_ore":11,"minecraft:deepslate_redstone_ore":2,"minecraft:cherry_planks":19,"minecraft:powder_snow":39,"minecraft:crafting_table":16,"minecraft:torch":3,"twilightforest:twilight_oak_log":1,"minecraft:campfire":1,"twilightforest:nagastone":2,"minecraft:cobblestone":4,"minecraft:tall_grass":4,"minecraft:copper_ore":11,"knightsnmages:citrin_ore":7,"minecraft:deepslate_gold_ore":2,"minecraft:lapis_ore":7,"minecraft:diorite":24,"minecraft:pink_petals":1,"craftingfun:mendinamium_ore":4,"minecraft:purple_bed":4,"minecraft:stripped_spruce_wood":2,"minecraft:spruce_log":43,"biomesoplenty:maple_leaves":3,"minecraft:bee_nest":1,"craftingfun:zeratium_ore":14,"minecraft:grass":28,"minecraft:oak_log":6,"minecraft:coal_ore":30,"minecraft:dirt":18,"minecraft:cobweb":2,"minecraft:spruce_fence_gate":1,"twilightforest:canopy_log":37,"minecraft:gold_ore":2,"minecraft:deepslate":12,"minecraft:fern":1},"minecraft:used":{"minecraft:cherry_sapling":9,"minecraft:purple_candle":1,"craftingfun:mendinamium_axe":2,"minecraft:spruce_planks":5,"minecraft:rotten_flesh":4,"minecraft:torch":36,"minecraft:dirt":3,"minecraft:granite":1,"minecraft:wooden_axe":85,"twilightforest:cooked_venison":2,"minecraft:bamboo":3,"minecraft:bow":18,"minecraft:furnace":4,"ars_nouveau:sourceberry_bush":90,"comforts:sleeping_bag_white":1,"minecraft:stripped_spruce_wood":2,"minecraft:diorite":50,"minecraft:stone_pickaxe":202,"minecraft:baked_potato":5,"minecraft:wooden_pickaxe":21,"minecraft:cherry_planks":54,"expanded_combat:oak_plank_katana":8,"minecraft:crafting_table":20,"minecraft:bread":21,"minecraft:iron_pickaxe":44,"minecraft:pink_petals":3,"craftingfun:zeratium_pickaxe":34,"expanded_combat:stone_katana":60,"minecraft:stone_axe":167,"minecraft:cobblestone":5,"minecraft:potion":1,"minecraft:purple_bed":4,"craftingfun:znibus_pickaxe":182,"craftingfun:znibus_sword":47,"craftingfun:emeraldine_sword":5,"minecraft:andesite":1,"craftingfun:yanium_pickaxe":1},"minecraft:killed_by":{"alexsmobs:tusklin":1,"alexsmobs:murmur_head":2,"minecraft:illusioner":2}},"DataVersion":3465}