{"stats":{"minecraft:crafted":{"minecraft:crafting_table":2,"minecraft:spruce_planks":64,"minecraft:stick":12,"minecraft:wooden_pickaxe":2,"minecraft:wooden_axe":2,"minecraft:stone_axe":1,"craftingfun:emeraldine_sword":1},"minecraft:killed":{"minecraft:zombie":4,"alexsmobs:raccoon":2},"minecraft:used":{"minecraft:wooden_axe":68,"minecraft:bread":6,"minecraft:wooden_pickaxe":4,"minecraft:stone_axe":27,"minecraft:crafting_table":4,"craftingfun:emeraldine_sword":5},"minecraft:custom":{"minecraft:time_since_rest":1449,"minecraft:interact_with_furnace":4,"minecraft:sprint_one_cm":96433,"lootr:looted_stat":4,"minecraft:damage_taken":481,"minecraft:walk_one_cm":95828,"minecraft:mob_kills":6,"minecraft:drop":1,"minecraft:damage_dealt":648,"minecraft:interact_with_crafting_table":7,"minecraft:fly_one_cm":74156,"minecraft:open_barrel":1,"minecraft:crouch_one_cm":53,"minecraft:play_time":18997,"tombstone:undead_killed":4,"minecraft:deaths":1,"minecraft:sneak_time":1,"minecraft:jump":453,"minecraft:leave_game":1,"minecraft:time_since_death":17744,"minecraft:sleep_in_bed":2,"minecraft:climb_one_cm":136,"minecraft:total_world_time":18997,"minecraft:fall_one_cm":13359},"minecraft:mined":{"quark:shale":1,"minecraft:spruce_log":32,"biomesoplenty:maple_leaves":1,"minecraft:powder_snow":39,"minecraft:crafting_table":4,"minecraft:grass":3,"minecraft:grass_block":1,"minecraft:oak_log":2,"minecraft:dirt":2,"minecraft:stone":3},"minecraft:killed_by":{"alexsmobs:tusklin":1},"minecraft:picked_up":{"minecraft:stick":2,"minecraft:crafting_table":4,"minecraft:leather_chestplate":1,"quark:shale":1,"minecraft:porkchop":2,"minecraft:oak_log":2,"minecraft:spruce_sapling":6,"minecraft:spruce_log":33,"minecraft:dirt":1,"minecraft:leather_helmet":1,"minecraft:armor_stand":1,"minecraft:bread":3,"minecraft:cobblestone":3},"minecraft:dropped":{"minecraft:beetroot_soup":1}},"DataVersion":3465}