{"stats":{"minecraft:killed":{"alexsmobs:raccoon":2,"minecraft:spider":2,"minecraft:skeleton":3,"minecraft:illusioner":1,"alexsmobs:grizzly_bear":1,"minecraft:zombie":7},"minecraft:crafted":{"minecraft:cherry_planks":176,"minecraft:wooden_sword":1,"minecraft:oak_planks":16,"craftingfun:zeratium_pickaxe":1,"craftingfun:zeratium_armor_leggings":1,"minecraft:furnace":1,"craftingfun:yanium_pickaxe":1,"craftingfun:znibus_pickaxe":1,"craftingfun:yanium_armor_helmet":1,"minecraft:stone_pickaxe":2,"craftingfun:yanium_armor_leggings":1,"craftingfun:yanium_armor_chestplate":1,"craftingfun:emeraldine_sword":1,"minecraft:wheat":36,"expanded_combat:stone_katana":1,"craftingfun:copper_armor_chestplate":1,"minecraft:crafting_table":5,"minecraft:spruce_planks":76,"minecraft:wooden_pickaxe":3,"minecraft:baked_potato":10,"minecraft:stone_axe":2,"craftingfun:copper_armor_boots":1,"minecraft:bread":12,"craftingfun:yanium_armor_boots":1,"minecraft:charcoal":4,"expanded_combat:oak_plank_katana":1,"minecraft:stick":32,"minecraft:iron_ingot":9,"minecraft:iron_pickaxe":1,"minecraft:wooden_axe":3,"minecraft:stone_sword":1,"minecraft:torch":32},"minecraft:used":{"minecraft:cherry_sapling":9,"minecraft:purple_candle":1,"minecraft:spruce_planks":5,"minecraft:torch":19,"minecraft:dirt":3,"minecraft:granite":1,"minecraft:wooden_axe":85,"minecraft:bamboo":3,"minecraft:bow":13,"minecraft:furnace":2,"minecraft:stripped_spruce_wood":2,"minecraft:stone_pickaxe":202,"minecraft:baked_potato":5,"minecraft:wooden_pickaxe":21,"minecraft:cherry_planks":36,"expanded_combat:oak_plank_katana":8,"minecraft:crafting_table":17,"minecraft:bread":20,"minecraft:iron_pickaxe":42,"craftingfun:zeratium_pickaxe":34,"minecraft:stone_axe":108,"expanded_combat:stone_katana":21,"minecraft:cobblestone":3,"minecraft:potion":1,"minecraft:purple_bed":4,"craftingfun:znibus_pickaxe":38,"craftingfun:emeraldine_sword":5,"minecraft:andesite":1},"minecraft:custom":{"lootr:looted_stat":8,"minecraft:mob_kills":16,"minecraft:interact_with_crafting_table":33,"minecraft:open_barrel":1,"minecraft:leave_game":1,"minecraft:time_since_death":49321,"minecraft:climb_one_cm":313,"minecraft:sprint_one_cm":220142,"minecraft:walk_one_cm":263380,"minecraft:drop":37,"minecraft:talked_to_villager":2,"minecraft:play_time":78997,"minecraft:deaths":3,"minecraft:sneak_time":410,"minecraft:walk_under_water_one_cm":3884,"minecraft:jump":1071,"minecraft:walk_on_water_one_cm":13048,"minecraft:total_world_time":78997,"minecraft:interact_with_furnace":16,"tombstone:raider_killed":1,"minecraft:interact_with_stonecutter":1,"minecraft:sleep_in_bed":6,"minecraft:time_since_rest":1255,"minecraft:damage_taken":1994,"minecraft:damage_dealt":2168,"minecraft:fly_one_cm":146740,"minecraft:crouch_one_cm":1079,"tombstone:undead_killed":10,"minecraft:fall_one_cm":30776},"minecraft:mined":{"quark:shale":1,"minecraft:cherry_log":44,"minecraft:purple_candle":1,"minecraft:granite":4,"minecraft:grass_block":6,"craftingfun:yanium_ore":17,"minecraft:hay_block":4,"minecraft:redstone_ore":5,"minecraft:furnace":1,"minecraft:iron_ore":15,"minecraft:andesite":6,"minecraft:deepslate_lapis_ore":3,"knightsnmages:scarlet_ore":6,"craftingfun:znibus_ore":4,"craftingfun:weak_chocolate_ore":1,"minecraft:bamboo":2,"minecraft:stone":147,"minecraft:spruce_slab":5,"craftingfun:samilus_ore":2,"minecraft:deepslate_redstone_ore":2,"minecraft:cherry_planks":7,"minecraft:powder_snow":39,"minecraft:crafting_table":14,"minecraft:torch":1,"minecraft:campfire":1,"minecraft:copper_ore":11,"minecraft:tall_grass":3,"minecraft:cobblestone":3,"minecraft:lapis_ore":7,"minecraft:diorite":24,"minecraft:purple_bed":4,"minecraft:stripped_spruce_wood":2,"minecraft:spruce_log":43,"biomesoplenty:maple_leaves":3,"craftingfun:zeratium_ore":13,"minecraft:grass":18,"minecraft:oak_log":6,"minecraft:coal_ore":30,"minecraft:dirt":17,"minecraft:cobweb":2,"minecraft:spruce_fence_gate":1,"minecraft:fern":1},"minecraft:killed_by":{"alexsmobs:tusklin":1,"minecraft:illusioner":2},"minecraft:picked_up":{"minecraft:charcoal":2,"minecraft:crafting_table":14,"minecraft:string":5,"minecraft:raw_copper":36,"minecraft:armor_stand":1,"minecraft:spruce_planks":6,"minecraft:spruce_slab":5,"minecraft:furnace":1,"minecraft:stick":11,"minecraft:raw_iron":15,"minecraft:copper_ingot":13,"minecraft:torch":4,"craftingfun:zeratium":13,"minecraft:porkchop":2,"minecraft:cherry_log":44,"tombstone:grave_dust":2,"minecraft:diorite":24,"minecraft:redstone":31,"minecraft:purple_candle":1,"minecraft:arrow":4,"minecraft:rotten_flesh":3,"minecraft:beetroot_seeds":6,"minecraft:hay_block":4,"minecraft:cobblestone":147,"minecraft:leather_chestplate":1,"minecraft:cherry_planks":7,"minecraft:andesite":8,"minecraft:stripped_spruce_wood":2,"minecraft:oak_log":6,"minecraft:lapis_lazuli":38,"minecraft:dirt":26,"craftingfun:copper_armor_boots":1,"minecraft:bone":2,"knightsnmages:scarlet_gem":6,"minecraft:wheat_seeds":3,"minecraft:bamboo":4,"craftingfun:zeratium_armor_leggings":1,"craftingfun:weak_chocolate_ore":1,"craftingfun:samilus_dust":4,"quark:shale":1,"craftingfun:yanium_dust":51,"craftingfun:znibus":4,"minecraft:spruce_sapling":12,"minecraft:spruce_log":44,"minecraft:leather_helmet":1,"minecraft:spider_eye":1,"minecraft:spruce_fence_gate":1,"minecraft:purple_bed":4,"craftingfun:copper_armor_chestplate":1,"minecraft:granite":5,"minecraft:cherry_sapling":9,"minecraft:bread":3,"minecraft:coal":30},"minecraft:broken":{"minecraft:stone_pickaxe":1},"minecraft:dropped":{"minecraft:bread":5,"minecraft:wheat_seeds":2,"minecraft:glass_bottle":1,"expanded_combat:oak_plank_katana":1,"minecraft:granite":4,"craftingfun:copper_armor_chestplate":2,"minecraft:copper_ingot":1,"minecraft:spruce_fence_gate":1,"minecraft:dirt":22,"tombstone:grave_key":1,"minecraft:wooden_axe":1,"craftingfun:zeratium_armor_leggings":2,"minecraft:beetroot_soup":1,"craftingfun:weak_chocolate_ore":1,"tombstone:gift":1,"minecraft:rotten_flesh":3,"craftingfun:copper_armor_boots":2,"minecraft:oak_planks":1,"minecraft:flower_pot":1,"minecraft:spruce_planks":9,"minecraft:andesite":7,"minecraft:spider_eye":1,"minecraft:spruce_slab":5,"minecraft:wooden_pickaxe":1}},"DataVersion":3465}