{"stats":{"minecraft:killed":{"alexsmobs:grizzly_bear":1,"alexsmobs:raccoon":2,"minecraft:spider":2,"minecraft:skeleton":2,"minecraft:zombie":6,"minecraft:illusioner":1},"minecraft:crafted":{"minecraft:cherry_planks":176,"minecraft:wooden_sword":1,"expanded_combat:stone_katana":1,"minecraft:oak_planks":16,"minecraft:crafting_table":4,"minecraft:spruce_planks":76,"minecraft:wooden_pickaxe":3,"minecraft:baked_potato":10,"minecraft:stone_axe":2,"minecraft:bread":12,"minecraft:charcoal":4,"expanded_combat:oak_plank_katana":1,"minecraft:stick":24,"minecraft:stone_pickaxe":2,"minecraft:wooden_axe":3,"minecraft:stone_sword":1,"minecraft:torch":16,"craftingfun:emeraldine_sword":1,"minecraft:wheat":36},"minecraft:used":{"minecraft:cherry_sapling":9,"minecraft:purple_candle":1,"minecraft:stone_pickaxe":198,"minecraft:baked_potato":5,"minecraft:spruce_planks":5,"minecraft:wooden_pickaxe":21,"minecraft:cherry_planks":6,"expanded_combat:oak_plank_katana":8,"minecraft:torch":2,"minecraft:dirt":3,"minecraft:crafting_table":11,"minecraft:wooden_axe":85,"minecraft:bread":16,"minecraft:bamboo":3,"expanded_combat:stone_katana":14,"minecraft:stone_axe":95,"minecraft:cobblestone":3,"minecraft:bow":13,"minecraft:purple_bed":2,"minecraft:furnace":1,"craftingfun:emeraldine_sword":5,"minecraft:stripped_spruce_wood":2},"minecraft:custom":{"lootr:looted_stat":8,"minecraft:interact_with_furnace":11,"minecraft:mob_kills":14,"tombstone:raider_killed":1,"minecraft:interact_with_crafting_table":18,"minecraft:open_barrel":1,"minecraft:interact_with_stonecutter":1,"minecraft:leave_game":1,"minecraft:time_since_death":25321,"minecraft:sleep_in_bed":4,"minecraft:climb_one_cm":313,"minecraft:time_since_rest":6081,"minecraft:sprint_one_cm":198096,"minecraft:damage_taken":1811,"minecraft:walk_one_cm":198513,"minecraft:drop":12,"minecraft:damage_dealt":1750,"minecraft:talked_to_villager":2,"minecraft:fly_one_cm":138577,"minecraft:crouch_one_cm":158,"tombstone:undead_killed":8,"minecraft:play_time":54997,"minecraft:deaths":3,"minecraft:sneak_time":68,"minecraft:walk_under_water_one_cm":809,"minecraft:jump":879,"minecraft:walk_on_water_one_cm":345,"minecraft:total_world_time":54997,"minecraft:fall_one_cm":28440},"minecraft:mined":{"quark:shale":1,"minecraft:cherry_log":44,"minecraft:purple_candle":1,"minecraft:powder_snow":39,"minecraft:crafting_table":10,"minecraft:grass_block":6,"minecraft:campfire":1,"minecraft:tall_grass":3,"minecraft:copper_ore":11,"minecraft:cobblestone":3,"minecraft:diorite":19,"minecraft:hay_block":4,"minecraft:purple_bed":3,"minecraft:stripped_spruce_wood":2,"minecraft:iron_ore":2,"minecraft:spruce_log":43,"biomesoplenty:maple_leaves":3,"craftingfun:zeratium_ore":1,"minecraft:coal_ore":30,"minecraft:grass":18,"minecraft:oak_log":6,"minecraft:dirt":17,"minecraft:cobweb":2,"minecraft:bamboo":2,"minecraft:stone":127,"minecraft:spruce_fence_gate":1,"minecraft:spruce_slab":5,"minecraft:fern":1},"minecraft:killed_by":{"alexsmobs:tusklin":1,"minecraft:illusioner":2},"minecraft:picked_up":{"minecraft:leather_chestplate":1,"minecraft:charcoal":2,"minecraft:crafting_table":10,"minecraft:stripped_spruce_wood":2,"minecraft:oak_log":6,"minecraft:dirt":25,"minecraft:string":5,"minecraft:raw_copper":36,"minecraft:armor_stand":1,"minecraft:bone":2,"minecraft:wheat_seeds":2,"minecraft:spruce_planks":6,"minecraft:spruce_slab":5,"minecraft:bamboo":4,"minecraft:raw_iron":2,"minecraft:stick":11,"quark:shale":1,"minecraft:copper_ingot":13,"craftingfun:zeratium":1,"minecraft:porkchop":2,"minecraft:cherry_log":44,"minecraft:spruce_sapling":12,"tombstone:grave_dust":2,"minecraft:diorite":19,"minecraft:spruce_log":44,"minecraft:spider_eye":1,"minecraft:leather_helmet":1,"minecraft:arrow":3,"minecraft:purple_candle":1,"minecraft:spruce_fence_gate":1,"minecraft:purple_bed":3,"minecraft:rotten_flesh":3,"minecraft:beetroot_seeds":6,"minecraft:hay_block":4,"minecraft:cherry_sapling":9,"minecraft:bread":3,"minecraft:coal":30,"minecraft:cobblestone":124},"minecraft:broken":{"minecraft:stone_pickaxe":1},"minecraft:dropped":{"minecraft:bread":5,"minecraft:rotten_flesh":3,"minecraft:oak_planks":1,"minecraft:spruce_fence_gate":1,"minecraft:dirt":20,"minecraft:spruce_planks":9,"minecraft:spider_eye":1,"minecraft:spruce_slab":5,"minecraft:beetroot_soup":1}},"DataVersion":3465}