{"stats":{"minecraft:dropped":{"minecraft:filled_map":1},"minecraft:custom":{"lootr:looted_stat":10,"minecraft:mob_kills":15,"minecraft:interact_with_anvil":1,"tombstone:raider_killed":1,"minecraft:interact_with_crafting_table":3,"minecraft:leave_game":3,"minecraft:time_since_death":27184,"minecraft:time_since_rest":26893,"minecraft:sprint_one_cm":63884,"minecraft:damage_taken":1408,"minecraft:walk_one_cm":135986,"minecraft:drop":1,"minecraft:damage_dealt":2817,"tombstone:cast_on_ally":0,"minecraft:swim_one_cm":14563,"minecraft:fly_one_cm":81990,"minecraft:crouch_one_cm":297,"minecraft:play_time":69871,"tombstone:undead_killed":5,"minecraft:deaths":2,"minecraft:sneak_time":758,"minecraft:walk_under_water_one_cm":62218,"minecraft:boat_one_cm":58244,"minecraft:jump":628,"minecraft:interact_with_blast_furnace":3,"minecraft:walk_on_water_one_cm":17841,"minecraft:total_world_time":70089,"minecraft:fall_one_cm":9207},"minecraft:crafted":{"minecraft:crafting_table":2,"craftingfun:zeratium_sword":1,"minecraft:spruce_planks":28,"minecraft:spruce_boat":1,"craftingfun:emeraldine_sword":1},"minecraft:broken":{"craftingfun:zeratium_sword":1},"minecraft:killed":{"aquamirae:maw":2,"alexsmobs:seal":4,"creeperoverhaul:snowy_creeper":2,"minecraft:skeleton":1,"minecraft:pillager":1,"minecraft:zombie":3,"minecraft:drowned":1},"minecraft:picked_up":{"minecraft:jungle_log":1,"minecraft:filled_map":1,"aquamirae:sharp_bones":1,"minecraft:dirt":4,"minecraft:moss_carpet":1,"aquamirae:fin":1,"minecraft:raw_copper":66,"minecraft:bone":2,"minecraft:bow":1,"minecraft:cobbled_deepslate":13,"minecraft:spruce_planks":2,"minecraft:sugar_cane":7,"minecraft:raw_iron":2,"minecraft:stick":2,"minecraft:sandstone":1,"quark:shale":11,"minecraft:torch":1,"minecraft:gravel":1,"craftingfun:zeratium":11,"minecraft:sand":3,"minecraft:spruce_sapling":2,"tombstone:grave_dust":2,"minecraft:spruce_log":7,"minecraft:prismarine_crystals":2,"minecraft:arrow":4,"minecraft:rotten_flesh":3,"minecraft:slime_ball":1,"minecraft:spruce_boat":2,"minecraft:crossbow":1,"minecraft:bone_meal":1,"minecraft:emerald":1,"knightsnmages:moonlight_gem":2,"aquamirae:treasure_pouch":1,"minecraft:white_wool":2,"minecraft:cobblestone":31},"minecraft:mined":{"minecraft:spruce_planks":2,"quark:shale":11,"minecraft:sea_lantern":1,"minecraft:grass_block":1,"minecraft:jungle_log":1,"minecraft:copper_ore":20,"minecraft:cobblestone":2,"minecraft:sandstone":1,"knightsnmages:moonlight_ore":2,"minecraft:iron_ore":2,"minecraft:blue_ice":16,"minecraft:ice":2,"minecraft:spruce_log":7,"craftingfun:zeratium_ore":11,"minecraft:grass":2,"minecraft:dirt":3,"minecraft:gravel":1,"minecraft:sand":3,"minecraft:stone":29,"minecraft:deepslate":13},"minecraft:used":{"craftingfun:zeratium_sword":46,"craftingfun:emeraldine_pickaxe":15,"minecraft:stone_pickaxe":52,"minecraft:spruce_planks":10,"minecraft:salmon":1,"minecraft:crafting_table":2,"tombstone:scroll_of_aquatic_life":1,"minecraft:spruce_boat":3,"minecraft:wooden_axe":22,"minecraft:apple":2,"minecraft:diamond_shovel":7,"minecraft:bread":2,"minecraft:iron_pickaxe":2,"alexsmobs:cooked_lobster_tail":9,"aether:zanite_pickaxe":13,"aether:valkyrie_pickaxe":24,"minecraft:cobblestone":9,"minecraft:potion":1,"travelersbackpack:standard":4,"craftingfun:emeraldine_sword":30,"minecraft:cobbled_deepslate":5,"minecraft:experience_bottle":1,"everythingcopper:copper_pickaxe":7},"minecraft:killed_by":{"alexsmobs:snow_leopard":1}},"DataVersion":3465}