{"stats":{"minecraft:mined":{"minecraft:spruce_log":7,"craftingfun:zeratium_ore":2,"minecraft:grass_block":1,"minecraft:jungle_log":1,"minecraft:copper_ore":16,"minecraft:stone":1},"minecraft:used":{"minecraft:wooden_axe":10,"craftingfun:zeratium_sword":36,"minecraft:apple":2,"minecraft:bread":2,"minecraft:stone_pickaxe":23,"alexsmobs:cooked_lobster_tail":5,"minecraft:spruce_planks":10,"minecraft:salmon":1,"minecraft:crafting_table":1},"minecraft:crafted":{"minecraft:crafting_table":1,"craftingfun:zeratium_sword":1,"minecraft:spruce_planks":28},"minecraft:killed":{"creeperoverhaul:snowy_creeper":1,"minecraft:zombie":2,"minecraft:drowned":1},"minecraft:custom":{"minecraft:time_since_rest":28573,"lootr:looted_stat":2,"minecraft:sprint_one_cm":37422,"minecraft:damage_taken":560,"minecraft:walk_one_cm":69785,"minecraft:mob_kills":5,"minecraft:damage_dealt":968,"minecraft:swim_one_cm":14563,"minecraft:interact_with_crafting_table":1,"minecraft:fly_one_cm":59572,"minecraft:crouch_one_cm":40,"minecraft:play_time":28573,"tombstone:undead_killed":3,"minecraft:sneak_time":149,"minecraft:walk_under_water_one_cm":16230,"minecraft:jump":362,"minecraft:leave_game":2,"minecraft:time_since_death":28573,"minecraft:walk_on_water_one_cm":9109,"minecraft:total_world_time":28791,"minecraft:fall_one_cm":4923},"minecraft:picked_up":{"minecraft:stick":2,"minecraft:jungle_log":1,"minecraft:torch":1,"craftingfun:zeratium":2,"minecraft:spruce_sapling":2,"tombstone:grave_dust":2,"minecraft:spruce_log":7,"minecraft:dirt":1,"minecraft:moss_carpet":1,"minecraft:raw_copper":56,"minecraft:bone":1,"minecraft:arrow":2,"minecraft:rotten_flesh":2,"minecraft:sugar_cane":7,"minecraft:white_wool":1,"minecraft:cobblestone":1}},"DataVersion":3465}