{"stats":{"minecraft:mined":{"minecraft:grass_block":1,"minecraft:spruce_log":7,"minecraft:stone":1,"craftingfun:zeratium_ore":2},"minecraft:used":{"minecraft:salmon":1,"craftingfun:zeratium_sword":27,"minecraft:wooden_axe":9,"minecraft:apple":2,"minecraft:crafting_table":1,"minecraft:bread":2,"minecraft:stone_pickaxe":3,"minecraft:spruce_planks":10},"minecraft:crafted":{"craftingfun:zeratium_sword":1,"minecraft:crafting_table":1,"minecraft:spruce_planks":28},"minecraft:killed":{"creeperoverhaul:snowy_creeper":1,"minecraft:zombie":2},"minecraft:custom":{"minecraft:time_since_rest":16573,"tombstone:undead_killed":2,"minecraft:sprint_one_cm":23219,"lootr:looted_stat":1,"minecraft:play_time":16573,"minecraft:damage_taken":300,"minecraft:walk_one_cm":36001,"minecraft:walk_under_water_one_cm":2318,"minecraft:mob_kills":4,"minecraft:jump":240,"minecraft:damage_dealt":689,"minecraft:leave_game":2,"minecraft:walk_on_water_one_cm":3194,"minecraft:time_since_death":16573,"minecraft:total_world_time":16791,"minecraft:interact_with_crafting_table":1,"minecraft:fall_one_cm":3013,"minecraft:fly_one_cm":39941},"minecraft:picked_up":{"minecraft:stick":2,"minecraft:arrow":2,"minecraft:bone":1,"minecraft:rotten_flesh":2,"minecraft:torch":1,"craftingfun:zeratium":2,"minecraft:spruce_sapling":2,"tombstone:grave_dust":2,"minecraft:spruce_log":7,"minecraft:sugar_cane":7,"minecraft:white_wool":1,"minecraft:dirt":1,"minecraft:cobblestone":1}},"DataVersion":3465}