{"stats":{"minecraft:killed":{"mythicmobs:kobold_warrior":1,"minecraft:pig":1,"alexsmobs:raccoon":2,"alexsmobs:blue_jay":1,"alexsmobs:fly":1,"friendsandfoes:iceologer":1},"minecraft:crafted":{"minecraft:wooden_sword":1,"minecraft:crafting_table":3,"minecraft:spruce_planks":12,"craftingfun:copper_pickaxe":1,"minecraft:copper_ingot":20,"everythingcopper:copper_sword":1,"craftingfun:copper_sword":1,"minecraft:stick":12,"expanded_combat:acacia_plank_katana":1,"minecraft:stone_pickaxe":1,"minecraft:wooden_axe":1,"minecraft:acacia_planks":8,"minecraft:torch":4},"minecraft:used":{"expanded_combat:acacia_plank_katana":19,"minecraft:stone_pickaxe":21,"minecraft:wooden_pickaxe":25,"minecraft:torch":4,"minecraft:crafting_table":3,"minecraft:white_bed":1,"minecraft:wooden_axe":36,"minecraft:apple":2,"minecraft:bread":9,"travelersbackpack:white_sleeping_bag":2,"friendsandfoes:totem_of_freezing":1,"minecraft:wooden_sword":9,"everythingcopper:copper_sword":35,"ars_nouveau:sourceberry_bush":7,"tombstone:gift":2,"minecraft:potato":8,"everythingcopper:copper_pickaxe":30},"minecraft:custom":{"lootr:looted_stat":7,"minecraft:interact_with_furnace":4,"minecraft:mob_kills":7,"tombstone:raider_killed":1,"minecraft:interact_with_crafting_table":7,"minecraft:leave_game":2,"minecraft:time_since_death":16822,"minecraft:sleep_in_bed":2,"minecraft:climb_one_cm":108,"minecraft:time_since_rest":9994,"minecraft:waystone_activated":2,"minecraft:sprint_one_cm":152583,"minecraft:damage_taken":1370,"minecraft:walk_one_cm":207594,"minecraft:drop":8,"minecraft:damage_dealt":1409,"minecraft:fly_one_cm":114211,"minecraft:play_time":43378,"minecraft:deaths":3,"minecraft:sneak_time":119,"minecraft:walk_under_water_one_cm":3800,"minecraft:jump":765,"minecraft:walk_on_water_one_cm":7133,"minecraft:total_world_time":43467,"minecraft:fall_one_cm":15687},"minecraft:mined":{"minecraft:powder_snow":22,"minecraft:grass_block":2,"minecraft:copper_ore":20,"minecraft:tall_grass":1,"craftingfun:yanium_ore":5,"travelersbackpack:white_sleeping_bag":2,"ars_nouveau:sourceberry_bush":33,"biomesoplenty:tundra_shrub":15,"minecraft:wall_torch":1,"minecraft:spruce_log":3,"craftingfun:zeratium_ore":12,"minecraft:grass":32,"minecraft:coal_ore":3,"minecraft:dirt":2,"minecraft:cobweb":4,"minecraft:stone":10,"minecraft:fern":12},"minecraft:killed_by":{"alexsmobs:tusklin":1,"mythicmobs:kobold_warrior":1,"minecraft:illusioner":1},"minecraft:picked_up":{"minecraft:feather":1,"minecraft:potion":1,"everythingcopper:copper_pickaxe":1,"everythingcopper:copper_sword":1,"minecraft:string":2,"minecraft:dirt":8,"minecraft:raw_copper":59,"minecraft:wheat_seeds":3,"alexsmobs:raccoon_tail":1,"friendsandfoes:totem_of_freezing":1,"minecraft:furnace":1,"minecraft:torch":1,"craftingfun:yanium_dust":15,"minecraft:gravel":1,"craftingfun:zeratium":12,"minecraft:porkchop":2,"minecraft:spruce_log":2,"travelersbackpack:white_sleeping_bag":2,"minecraft:rotten_flesh":2,"minecraft:blue_ice":2,"ars_nouveau:sourceberry_bush":76,"minecraft:coal":3,"minecraft:cobblestone":19,"expanded_combat:acacia_plank_katana":2},"minecraft:broken":{"minecraft:wooden_axe":1},"minecraft:dropped":{"minecraft:bread":3,"expanded_combat:acacia_plank_katana":2,"minecraft:dirt":4,"everythingcopper:copper_sword":1,"everythingcopper:copper_pickaxe":1}},"DataVersion":3465}