{"stats":{"minecraft:killed_by":{"alexsmobs:snow_leopard":1},"minecraft:mined":{"minecraft:spruce_planks":2,"knightsnmages:moonlight_ore":2,"minecraft:iron_ore":2,"quark:shale":11,"minecraft:ice":2,"minecraft:spruce_log":7,"craftingfun:zeratium_ore":11,"minecraft:grass_block":1,"minecraft:jungle_log":1,"minecraft:dirt":3,"minecraft:gravel":1,"minecraft:sand":3,"minecraft:copper_ore":20,"minecraft:stone":29,"minecraft:sandstone":1,"minecraft:deepslate":13},"minecraft:used":{"minecraft:spruce_boat":1,"minecraft:wooden_axe":22,"craftingfun:zeratium_sword":46,"minecraft:apple":2,"minecraft:diamond_shovel":7,"aether:valkyrie_pickaxe":24,"minecraft:bread":2,"minecraft:stone_pickaxe":52,"alexsmobs:cooked_lobster_tail":6,"aether:zanite_pickaxe":13,"minecraft:spruce_planks":10,"minecraft:salmon":1,"minecraft:potion":1,"minecraft:crafting_table":2,"tombstone:scroll_of_aquatic_life":1,"minecraft:cobbled_deepslate":5,"everythingcopper:copper_pickaxe":7},"minecraft:crafted":{"minecraft:crafting_table":2,"craftingfun:zeratium_sword":1,"minecraft:spruce_planks":28,"minecraft:spruce_boat":1,"craftingfun:emeraldine_sword":1},"minecraft:killed":{"creeperoverhaul:snowy_creeper":2,"minecraft:zombie":2,"alexsmobs:seal":4,"minecraft:drowned":1},"minecraft:custom":{"minecraft:time_since_rest":9595,"lootr:looted_stat":5,"minecraft:sprint_one_cm":57373,"minecraft:damage_taken":1055,"minecraft:walk_one_cm":100528,"minecraft:mob_kills":10,"minecraft:drop":1,"minecraft:damage_dealt":1814,"tombstone:cast_on_ally":0,"minecraft:swim_one_cm":14563,"minecraft:interact_with_crafting_table":2,"minecraft:fly_one_cm":77358,"minecraft:crouch_one_cm":40,"minecraft:play_time":52573,"minecraft:deaths":2,"tombstone:undead_killed":3,"minecraft:sneak_time":604,"minecraft:walk_under_water_one_cm":51465,"minecraft:boat_one_cm":22136,"minecraft:jump":493,"minecraft:leave_game":2,"minecraft:time_since_death":9886,"minecraft:walk_on_water_one_cm":14350,"minecraft:total_world_time":52791,"minecraft:fall_one_cm":7237},"minecraft:dropped":{"minecraft:filled_map":1},"minecraft:broken":{"craftingfun:zeratium_sword":1},"minecraft:picked_up":{"minecraft:raw_iron":2,"minecraft:sandstone":1,"minecraft:stick":2,"quark:shale":11,"minecraft:jungle_log":1,"minecraft:filled_map":1,"minecraft:torch":1,"minecraft:gravel":1,"craftingfun:zeratium":11,"minecraft:sand":3,"minecraft:spruce_sapling":2,"tombstone:grave_dust":2,"minecraft:spruce_log":7,"minecraft:dirt":4,"minecraft:moss_carpet":1,"minecraft:raw_copper":66,"minecraft:bone":1,"minecraft:arrow":2,"minecraft:rotten_flesh":2,"minecraft:spruce_boat":1,"minecraft:cobbled_deepslate":13,"minecraft:spruce_planks":2,"knightsnmages:moonlight_gem":2,"minecraft:sugar_cane":7,"minecraft:white_wool":2,"minecraft:cobblestone":29}},"DataVersion":3465}