{"stats":{"minecraft:killed":{"mythicmobs:kobold_warrior":1,"friendsandfoes:iceologer":1},"minecraft:crafted":{"minecraft:wooden_sword":1,"minecraft:crafting_table":2,"minecraft:spruce_planks":12,"minecraft:stick":8,"minecraft:stone_pickaxe":1,"minecraft:wooden_axe":1},"minecraft:used":{"minecraft:wooden_axe":30,"minecraft:apple":2,"minecraft:bread":5,"minecraft:stone_pickaxe":21,"minecraft:wooden_pickaxe":25,"friendsandfoes:totem_of_freezing":1,"minecraft:wooden_sword":9,"minecraft:crafting_table":2,"tombstone:gift":2,"minecraft:white_bed":1},"minecraft:custom":{"minecraft:time_since_rest":1449,"minecraft:interact_with_furnace":1,"minecraft:waystone_activated":1,"lootr:looted_stat":3,"minecraft:sprint_one_cm":81626,"minecraft:damage_taken":850,"minecraft:walk_one_cm":103484,"minecraft:mob_kills":2,"minecraft:drop":3,"tombstone:raider_killed":1,"minecraft:damage_dealt":850,"minecraft:interact_with_crafting_table":3,"minecraft:fly_one_cm":64189,"minecraft:play_time":19378,"minecraft:deaths":2,"minecraft:sneak_time":76,"minecraft:jump":397,"minecraft:walk_on_water_one_cm":97,"minecraft:leave_game":2,"minecraft:time_since_death":17011,"minecraft:sleep_in_bed":1,"minecraft:total_world_time":19467,"minecraft:climb_one_cm":108,"minecraft:fall_one_cm":9738},"minecraft:mined":{"minecraft:spruce_log":3,"minecraft:powder_snow":22,"minecraft:copper_ore":16,"minecraft:stone":8},"minecraft:killed_by":{"alexsmobs:tusklin":1,"mythicmobs:kobold_warrior":1},"minecraft:picked_up":{"minecraft:spruce_log":2,"minecraft:raw_copper":46,"minecraft:rotten_flesh":2,"minecraft:blue_ice":2,"minecraft:cobblestone":17,"friendsandfoes:totem_of_freezing":1},"minecraft:broken":{"minecraft:wooden_axe":1},"minecraft:dropped":{"minecraft:bread":3}},"DataVersion":3465}