{"stats":{"minecraft:killed":{"mythicmobs:kobold_warrior":1,"minecraft:pig":6,"ars_nouveau:drygmy":1,"alexsmobs:raccoon":2,"minecraft:spider":1,"minecraft:creeper":1,"minecraft:skeleton":1,"minecraft:zombie":4,"alexsmobs:blue_jay":1,"minecraft:llama":1,"friendsandfoes:moobloom":2,"minecraft:illusioner":1,"alexsmobs:fly":2,"friendsandfoes:iceologer":1},"minecraft:crafted":{"minecraft:wooden_sword":1,"minecraft:crafting_table":4,"minecraft:spruce_planks":12,"craftingfun:copper_pickaxe":1,"biomesoplenty:redwood_planks":4,"minecraft:copper_ingot":20,"everythingcopper:copper_sword":1,"craftingfun:copper_sword":1,"minecraft:stick":12,"expanded_combat:acacia_plank_katana":1,"minecraft:stone_pickaxe":1,"minecraft:wooden_axe":1,"minecraft:acacia_planks":8,"minecraft:torch":4,"craftingfun:emeraldine_sword":1,"craftingfun:emeraldine_pickaxe":1},"minecraft:used":{"expanded_combat:acacia_plank_katana":86,"craftingfun:emeraldine_pickaxe":7,"minecraft:redstone":1,"minecraft:stone_pickaxe":21,"minecraft:wooden_pickaxe":25,"minecraft:torch":6,"minecraft:crafting_table":4,"minecraft:white_bed":1,"minecraft:wooden_axe":36,"minecraft:apple":2,"minecraft:spruce_button":2,"friendsandfoes:totem_of_illusion":1,"minecraft:bread":11,"travelersbackpack:white_sleeping_bag":5,"friendsandfoes:totem_of_freezing":1,"minecraft:wooden_sword":9,"minecraft:beef":3,"minecraft:cobblestone":4,"everythingcopper:copper_sword":90,"ars_nouveau:sourceberry_bush":51,"craftingfun:emeraldine_sword":7,"quark:crafter":1,"tombstone:gift":2,"minecraft:potato":8,"everythingcopper:copper_pickaxe":54},"minecraft:custom":{"lootr:looted_stat":11,"minecraft:interact_with_furnace":4,"minecraft:mob_kills":26,"tombstone:raider_killed":2,"minecraft:interact_with_crafting_table":10,"minecraft:leave_game":2,"minecraft:time_since_death":52822,"minecraft:sleep_in_bed":5,"minecraft:climb_one_cm":108,"minecraft:time_since_rest":1255,"minecraft:waystone_activated":2,"minecraft:sprint_one_cm":207854,"minecraft:damage_taken":1754,"minecraft:walk_one_cm":317593,"minecraft:damage_blocked_by_shield":60,"minecraft:drop":24,"minecraft:damage_dealt":3905,"minecraft:fly_one_cm":148126,"minecraft:crouch_one_cm":94,"minecraft:play_time":79378,"tombstone:undead_killed":5,"minecraft:deaths":3,"minecraft:sneak_time":188,"minecraft:walk_under_water_one_cm":3943,"minecraft:interact_with_brewingstand":1,"minecraft:jump":1136,"minecraft:walk_on_water_one_cm":11730,"minecraft:total_world_time":79467,"minecraft:fall_one_cm":23591},"minecraft:mined":{"minecraft:powder_snow":22,"minecraft:torch":1,"minecraft:potted_dead_bush":1,"minecraft:spruce_button":1,"minecraft:grass_block":3,"minecraft:redstone_wire":1,"minecraft:copper_ore":21,"minecraft:tall_grass":2,"craftingfun:yanium_ore":7,"travelersbackpack:white_sleeping_bag":4,"ars_nouveau:sourceberry_bush":59,"biomesoplenty:tundra_shrub":15,"minecraft:wall_torch":1,"minecraft:pink_petals":1,"biomesoplenty:toadstool":1,"minecraft:iron_ore":2,"minecraft:spruce_log":3,"craftingfun:zeratium_ore":14,"minecraft:grass":56,"minecraft:coal_ore":5,"minecraft:dirt":2,"minecraft:cobweb":8,"minecraft:stone":31,"minecraft:fern":16},"minecraft:killed_by":{"alexsmobs:tusklin":1,"mythicmobs:kobold_warrior":1,"minecraft:illusioner":1},"minecraft:picked_up":{"minecraft:pink_petals":7,"minecraft:feather":1,"minecraft:leather":5,"friendsandfoes:totem_of_illusion":1,"minecraft:potion":1,"everythingcopper:copper_pickaxe":1,"everythingcopper:copper_sword":3,"minecraft:gunpowder":1,"minecraft:string":3,"minecraft:dirt":9,"minecraft:raw_copper":64,"minecraft:wooden_sword":1,"minecraft:wheat_seeds":3,"minecraft:beef":4,"alexsmobs:raccoon_tail":1,"biomesoplenty:toadstool":1,"friendsandfoes:totem_of_freezing":1,"minecraft:furnace":1,"minecraft:stick":16,"minecraft:raw_iron":2,"minecraft:torch":2,"craftingfun:yanium_dust":21,"minecraft:gravel":1,"craftingfun:zeratium":14,"minecraft:porkchop":13,"tombstone:grave_dust":2,"minecraft:spruce_log":2,"minecraft:redstone":2,"travelersbackpack:white_sleeping_bag":4,"biomesoplenty:redwood_planks":8,"minecraft:arrow":3,"minecraft:rotten_flesh":5,"minecraft:blue_ice":2,"minecraft:spruce_button":1,"minecraft:emerald":1,"minecraft:bread":9,"ars_nouveau:sourceberry_bush":141,"minecraft:coal":4,"minecraft:cobblestone":39,"expanded_combat:acacia_plank_katana":2},"minecraft:broken":{"minecraft:wooden_axe":1},"minecraft:dropped":{"minecraft:bread":12,"minecraft:copper_ingot":13,"expanded_combat:acacia_plank_katana":2,"ars_nouveau:sourceberry_bush":14,"minecraft:dirt":4,"everythingcopper:copper_sword":3,"everythingcopper:copper_pickaxe":1,"minecraft:redstone":1}},"DataVersion":3465}