{"stats":{"minecraft:killed":{"mythicmobs:kobold_warrior":1,"minecraft:pig":2,"ars_nouveau:drygmy":1,"alexsmobs:raccoon":2,"minecraft:spider":1,"minecraft:creeper":1,"minecraft:zombie":1,"alexsmobs:blue_jay":1,"minecraft:llama":1,"minecraft:illusioner":1,"alexsmobs:fly":1,"friendsandfoes:iceologer":1},"minecraft:crafted":{"minecraft:wooden_sword":1,"minecraft:crafting_table":3,"minecraft:spruce_planks":12,"craftingfun:copper_pickaxe":1,"minecraft:copper_ingot":20,"everythingcopper:copper_sword":1,"craftingfun:copper_sword":1,"minecraft:stick":12,"expanded_combat:acacia_plank_katana":1,"minecraft:stone_pickaxe":1,"minecraft:wooden_axe":1,"minecraft:acacia_planks":8,"minecraft:torch":4},"minecraft:used":{"expanded_combat:acacia_plank_katana":46,"minecraft:stone_pickaxe":21,"minecraft:wooden_pickaxe":25,"minecraft:torch":5,"minecraft:crafting_table":3,"minecraft:white_bed":1,"minecraft:wooden_axe":36,"minecraft:apple":2,"minecraft:bread":11,"travelersbackpack:white_sleeping_bag":3,"friendsandfoes:totem_of_freezing":1,"minecraft:wooden_sword":9,"everythingcopper:copper_sword":69,"ars_nouveau:sourceberry_bush":26,"tombstone:gift":2,"minecraft:potato":8,"everythingcopper:copper_pickaxe":34},"minecraft:custom":{"lootr:looted_stat":11,"minecraft:interact_with_furnace":4,"minecraft:mob_kills":15,"tombstone:raider_killed":2,"minecraft:interact_with_crafting_table":7,"minecraft:leave_game":2,"minecraft:time_since_death":28822,"minecraft:sleep_in_bed":3,"minecraft:climb_one_cm":108,"minecraft:time_since_rest":6081,"minecraft:waystone_activated":2,"minecraft:sprint_one_cm":175638,"minecraft:damage_taken":1619,"minecraft:walk_one_cm":257721,"minecraft:drop":23,"minecraft:damage_dealt":2816,"minecraft:fly_one_cm":125431,"minecraft:play_time":55378,"tombstone:undead_killed":1,"minecraft:deaths":3,"minecraft:sneak_time":119,"minecraft:walk_under_water_one_cm":3800,"minecraft:interact_with_brewingstand":1,"minecraft:jump":912,"minecraft:walk_on_water_one_cm":8829,"minecraft:total_world_time":55467,"minecraft:fall_one_cm":19397},"minecraft:mined":{"minecraft:powder_snow":22,"minecraft:potted_dead_bush":1,"minecraft:grass_block":2,"minecraft:copper_ore":21,"minecraft:tall_grass":1,"craftingfun:yanium_ore":7,"travelersbackpack:white_sleeping_bag":3,"ars_nouveau:sourceberry_bush":43,"biomesoplenty:tundra_shrub":15,"minecraft:wall_torch":1,"minecraft:pink_petals":1,"biomesoplenty:toadstool":1,"minecraft:spruce_log":3,"craftingfun:zeratium_ore":12,"minecraft:grass":43,"minecraft:coal_ore":3,"minecraft:dirt":2,"minecraft:cobweb":8,"minecraft:stone":11,"minecraft:fern":12},"minecraft:killed_by":{"alexsmobs:tusklin":1,"mythicmobs:kobold_warrior":1,"minecraft:illusioner":1},"minecraft:picked_up":{"minecraft:pink_petals":7,"minecraft:feather":1,"minecraft:leather":2,"friendsandfoes:totem_of_illusion":1,"minecraft:potion":1,"everythingcopper:copper_pickaxe":1,"everythingcopper:copper_sword":3,"minecraft:gunpowder":1,"minecraft:string":3,"minecraft:dirt":8,"minecraft:raw_copper":64,"minecraft:wheat_seeds":3,"alexsmobs:raccoon_tail":1,"biomesoplenty:toadstool":1,"friendsandfoes:totem_of_freezing":1,"minecraft:furnace":1,"minecraft:torch":1,"craftingfun:yanium_dust":21,"minecraft:gravel":1,"craftingfun:zeratium":12,"minecraft:porkchop":5,"minecraft:spruce_log":2,"travelersbackpack:white_sleeping_bag":3,"minecraft:arrow":1,"minecraft:rotten_flesh":2,"minecraft:blue_ice":2,"minecraft:emerald":1,"minecraft:bread":9,"ars_nouveau:sourceberry_bush":102,"minecraft:coal":3,"minecraft:cobblestone":19,"expanded_combat:acacia_plank_katana":2},"minecraft:broken":{"minecraft:wooden_axe":1},"minecraft:dropped":{"minecraft:bread":12,"minecraft:copper_ingot":13,"expanded_combat:acacia_plank_katana":2,"ars_nouveau:sourceberry_bush":14,"minecraft:dirt":4,"everythingcopper:copper_sword":3,"everythingcopper:copper_pickaxe":1}},"DataVersion":3465}