{"stats":{"minecraft:dropped":{"minecraft:bread":12,"minecraft:diamond":1,"craftingfun:znibus_armor_boots":3,"minecraft:copper_ingot":13,"minecraft:dirt":4,"everythingcopper:copper_sword":3,"craftingfun:znibus_sword":2,"minecraft:redstone":1,"expanded_combat:acacia_plank_katana":2,"craftingfun:znibus_armor_helmet":3,"craftingfun:znibus_armor_leggings":4,"ars_nouveau:sourceberry_bush":78,"knightsnmages:citrin_gem":1,"comforts:sleeping_bag_white":3,"everythingcopper:copper_pickaxe":1,"craftingfun:znibus":17},"minecraft:custom":{"minecraft:interact_with_smithing_table":1,"lootr:looted_stat":17,"minecraft:interact_with_anvil":2,"minecraft:mob_kills":39,"minecraft:interact_with_crafting_table":11,"minecraft:leave_game":4,"minecraft:time_since_death":49272,"minecraft:climb_one_cm":268,"minecraft:sprint_one_cm":310176,"minecraft:walk_one_cm":500557,"minecraft:damage_blocked_by_shield":60,"minecraft:drop":44,"minecraft:play_time":141305,"minecraft:deaths":5,"minecraft:sneak_time":355,"minecraft:walk_under_water_one_cm":15445,"minecraft:jump":1803,"minecraft:interact_with_brewingstand":1,"minecraft:walk_on_water_one_cm":24515,"minecraft:total_world_time":141394,"minecraft:interact_with_furnace":6,"tombstone:raider_killed":2,"minecraft:sleep_in_bed":12,"minecraft:time_since_rest":23588,"minecraft:waystone_activated":2,"minecraft:damage_taken":2693,"minecraft:damage_dealt":6507,"minecraft:fly_one_cm":245356,"minecraft:open_chest":3,"minecraft:crouch_one_cm":266,"tombstone:undead_killed":10,"minecraft:fall_one_cm":39910},"minecraft:crafted":{"minecraft:wooden_sword":1,"craftingfun:copper_sword":1,"minecraft:stone_pickaxe":1,"craftingfun:emeraldine_sword":1,"minecraft:crafting_table":4,"minecraft:spruce_planks":12,"craftingfun:copper_pickaxe":1,"biomesoplenty:redwood_planks":4,"minecraft:copper_ingot":20,"everythingcopper:copper_sword":1,"minecraft:stick":12,"expanded_combat:acacia_plank_katana":1,"minecraft:wooden_axe":1,"minecraft:acacia_planks":8,"minecraft:torch":4,"craftingfun:emeraldine_pickaxe":1},"minecraft:broken":{"minecraft:wooden_axe":1},"minecraft:picked_up":{"twilightforest:twilight_portal_miniature_structure":1,"friendsandfoes:totem_of_illusion":1,"minecraft:potion":1,"everythingcopper:copper_pickaxe":1,"twilightforest:nagastone":1,"everythingcopper:copper_sword":3,"minecraft:string":4,"minecraft:raw_copper":142,"minecraft:wooden_sword":1,"knightsnmages:citrin_gem":1,"craftingfun:znibus_armor_leggings":2,"minecraft:cobbled_deepslate":11,"comforts:sleeping_bag_white":9,"twilightforest:nagastone_head":1,"minecraft:beef":11,"minecraft:calcite":1,"alexsmobs:raccoon_tail":1,"minecraft:furnace":1,"minecraft:raw_iron":52,"minecraft:stick":16,"minecraft:torch":3,"craftingfun:zeratium":22,"minecraft:porkchop":13,"tombstone:grave_dust":4,"minecraft:diorite":1,"minecraft:redstone":2,"biomesoplenty:redwood_planks":8,"minecraft:arrow":8,"minecraft:rotten_flesh":10,"minecraft:red_tulip":1,"tombstone:essence_of_undeath":1,"craftingfun:samilus_armor_helmet":1,"ars_nouveau:sourceberry_bush":141,"minecraft:cobblestone":65,"minecraft:pink_petals":18,"minecraft:feather":1,"minecraft:leather":9,"craftingfun:znibus_armor_helmet":2,"alexsmobs:bison_fur":2,"craftingfun:samilus_armor_chestplate":1,"minecraft:gunpowder":3,"minecraft:dirt":13,"twilightforest:raw_venison":10,"minecraft:bone":5,"minecraft:bow":1,"minecraft:wheat_seeds":4,"knightsnmages:scarlet_gem":7,"tombstone:bag_of_seeds":1,"biomesoplenty:toadstool":1,"friendsandfoes:totem_of_freezing":1,"minecraft:smooth_basalt":7,"craftingfun:weak_chocolate_ore":4,"craftingfun:samilus_dust":3,"craftingfun:yanium_dust":66,"minecraft:gravel":3,"craftingfun:znibus":23,"minecraft:spruce_log":2,"travelersbackpack:white_sleeping_bag":4,"ars_nouveau:wilden_spike":2,"craftingfun:mendinamium":5,"minecraft:granite":2,"minecraft:blue_ice":2,"knightsnmages:moonlight_gem":6,"minecraft:spruce_button":1,"minecraft:emerald":3,"minecraft:bread":9,"alexsmobs:maggot":2,"craftingfun:znibus_sword":1,"minecraft:coal":7,"expanded_combat:acacia_plank_katana":2},"minecraft:killed":{"twilightforest:deer":4,"alexsmobs:raccoon":2,"minecraft:spider":2,"minecraft:skeleton":4,"alexsmobs:blue_jay":1,"minecraft:llama":1,"alexsmobs:bison":1,"minecraft:illusioner":1,"friendsandfoes:iceologer":1,"mythicmobs:kobold_warrior":1,"minecraft:pig":6,"ars_nouveau:drygmy":1,"minecraft:creeper":1,"minecraft:zombie":6,"friendsandfoes:moobloom":2,"alexsmobs:fly":3,"minecraft:cow":1},"minecraft:mined":{"minecraft:potted_dead_bush":1,"minecraft:grass_block":7,"minecraft:redstone_wire":1,"travelersbackpack:white_sleeping_bag":4,"craftingfun:yanium_ore":21,"ars_nouveau:sourceberry_bush":59,"twilightforest:nagastone_head":1,"biomesoplenty:tundra_shrub":15,"knightsnmages:moonlight_ore":2,"biomesoplenty:toadstool":1,"minecraft:iron_ore":43,"craftingfun:znibus_ore":6,"minecraft:red_tulip":1,"minecraft:deepslate_iron_ore":9,"craftingfun:weak_chocolate_ore":4,"knightsnmages:deepslate_moonlight_ore":4,"minecraft:stone":44,"twilightforest:twilight_portal_miniature_structure":1,"minecraft:powder_snow":24,"minecraft:torch":2,"minecraft:spruce_button":1,"minecraft:emerald_ore":2,"knightsnmages:deepslate_scarlet_ore":7,"minecraft:calcite":1,"twilightforest:nagastone":1,"minecraft:tall_grass":6,"minecraft:copper_ore":38,"minecraft:diorite":1,"minecraft:wall_torch":1,"minecraft:deepslate_copper_ore":5,"minecraft:pink_petals":5,"craftingfun:mendinamium_ore":3,"minecraft:spruce_log":3,"craftingfun:zeratium_ore":17,"minecraft:grass":66,"minecraft:coal_ore":7,"minecraft:dirt":2,"minecraft:cobweb":8,"minecraft:smooth_basalt":7,"minecraft:deepslate":4,"minecraft:fern":16},"minecraft:used":{"minecraft:redstone":1,"biomesoplenty:redwood_planks":5,"minecraft:chest":2,"minecraft:torch":7,"minecraft:wooden_axe":36,"minecraft:red_tulip":13,"friendsandfoes:totem_of_illusion":1,"minecraft:spruce_button":2,"twilightforest:twilight_portal_miniature_structure":1,"friendsandfoes:totem_of_freezing":1,"everythingcopper:copper_sword":90,"minecraft:beef":3,"ars_nouveau:sourceberry_bush":92,"tombstone:gift":4,"comforts:sleeping_bag_white":7,"minecraft:potato":8,"minecraft:water_bucket":6,"expanded_combat:acacia_plank_katana":86,"craftingfun:emeraldine_pickaxe":92,"minecraft:stone_pickaxe":21,"minecraft:wooden_pickaxe":25,"everythingcopper:oxidized_copper_anvil":1,"minecraft:crafting_table":4,"minecraft:white_bed":1,"minecraft:apple":2,"minecraft:bread":16,"travelersbackpack:white_sleeping_bag":5,"minecraft:wooden_sword":9,"minecraft:cobblestone":14,"craftingfun:znibus_pickaxe":55,"craftingfun:emeraldine_sword":24,"craftingfun:znibus_sword":63,"minecraft:bucket":1,"quark:crafter":1,"everythingcopper:copper_pickaxe":62},"minecraft:killed_by":{"minecraft:creeper":1,"alexsmobs:tusklin":1,"mythicmobs:kobold_warrior":1,"minecraft:illusioner":1}},"DataVersion":3465}