{"stats":{"minecraft:killed":{"mythicmobs:kobold_warrior":1,"friendsandfoes:iceologer":1},"minecraft:crafted":{"craftingfun:copper_sword":1,"minecraft:wooden_sword":1,"minecraft:crafting_table":3,"minecraft:spruce_planks":12,"minecraft:stick":12,"craftingfun:copper_pickaxe":1,"expanded_combat:acacia_plank_katana":1,"minecraft:stone_pickaxe":1,"minecraft:wooden_axe":1,"minecraft:copper_ingot":20,"minecraft:acacia_planks":8,"everythingcopper:copper_sword":1},"minecraft:used":{"minecraft:wooden_axe":36,"minecraft:apple":2,"minecraft:bread":8,"minecraft:stone_pickaxe":21,"minecraft:wooden_pickaxe":25,"friendsandfoes:totem_of_freezing":1,"minecraft:wooden_sword":9,"everythingcopper:copper_sword":4,"minecraft:crafting_table":3,"tombstone:gift":2,"minecraft:white_bed":1,"minecraft:potato":4},"minecraft:custom":{"minecraft:time_since_rest":4364,"minecraft:interact_with_furnace":4,"minecraft:waystone_activated":2,"lootr:looted_stat":7,"minecraft:sprint_one_cm":126263,"minecraft:damage_taken":1270,"minecraft:walk_one_cm":158577,"minecraft:mob_kills":2,"minecraft:drop":4,"tombstone:raider_killed":1,"minecraft:damage_dealt":850,"minecraft:interact_with_crafting_table":7,"minecraft:fly_one_cm":91251,"minecraft:play_time":31378,"minecraft:deaths":3,"minecraft:sneak_time":76,"minecraft:jump":574,"minecraft:walk_on_water_one_cm":293,"minecraft:leave_game":2,"minecraft:time_since_death":4822,"minecraft:sleep_in_bed":1,"minecraft:total_world_time":31467,"minecraft:climb_one_cm":108,"minecraft:fall_one_cm":13001},"minecraft:mined":{"minecraft:spruce_log":3,"minecraft:powder_snow":22,"minecraft:grass":5,"minecraft:cobweb":4,"minecraft:tall_grass":1,"minecraft:copper_ore":16,"minecraft:stone":8},"minecraft:killed_by":{"alexsmobs:tusklin":1,"mythicmobs:kobold_warrior":1,"minecraft:illusioner":1},"minecraft:picked_up":{"minecraft:gravel":1,"minecraft:potion":1,"minecraft:spruce_log":2,"minecraft:string":2,"minecraft:raw_copper":46,"minecraft:rotten_flesh":2,"minecraft:blue_ice":2,"expanded_combat:acacia_plank_katana":1,"minecraft:furnace":1,"minecraft:cobblestone":17,"friendsandfoes:totem_of_freezing":1},"minecraft:broken":{"minecraft:wooden_axe":1},"minecraft:dropped":{"minecraft:bread":3,"expanded_combat:acacia_plank_katana":1}},"DataVersion":3465}