{"stats":{"minecraft:mined":{"minecraft:grass_block":1},"minecraft:used":{"minecraft:wooden_axe":1},"minecraft:custom":{"minecraft:jump":37,"minecraft:time_since_rest":4573,"minecraft:leave_game":2,"minecraft:play_time":4573,"lootr:looted_stat":1,"minecraft:sprint_one_cm":2162,"minecraft:time_since_death":4573,"minecraft:walk_on_water_one_cm":461,"minecraft:walk_one_cm":5918,"minecraft:total_world_time":4791,"minecraft:walk_under_water_one_cm":646,"minecraft:fall_one_cm":418,"minecraft:fly_one_cm":2777},"minecraft:picked_up":{"minecraft:sugar_cane":2,"minecraft:torch":1,"minecraft:dirt":1}},"DataVersion":3465}