{"stats":{"minecraft:killed":{"mythicmobs:kobold_warrior":1,"friendsandfoes:iceologer":1},"minecraft:crafted":{"minecraft:wooden_sword":1,"minecraft:crafting_table":1,"minecraft:spruce_planks":12,"minecraft:stick":4,"minecraft:wooden_axe":1},"minecraft:custom":{"minecraft:time_since_rest":4563,"minecraft:waystone_activated":1,"minecraft:sprint_one_cm":48235,"lootr:looted_stat":2,"minecraft:play_time":7378,"minecraft:deaths":2,"minecraft:damage_taken":535,"minecraft:walk_one_cm":52855,"minecraft:sneak_time":1,"minecraft:mob_kills":2,"minecraft:jump":215,"tombstone:raider_killed":1,"minecraft:damage_dealt":533,"minecraft:leave_game":2,"minecraft:time_since_death":5011,"minecraft:climb_one_cm":108,"minecraft:total_world_time":7467,"minecraft:interact_with_crafting_table":2,"minecraft:fall_one_cm":5744,"minecraft:fly_one_cm":40320},"minecraft:used":{"friendsandfoes:totem_of_freezing":1,"minecraft:wooden_axe":30,"minecraft:apple":1,"minecraft:crafting_table":1,"tombstone:gift":2},"minecraft:mined":{"minecraft:spruce_log":3},"minecraft:killed_by":{"mythicmobs:kobold_warrior":1,"alexsmobs:tusklin":1},"minecraft:picked_up":{"minecraft:blue_ice":2,"minecraft:spruce_log":2,"friendsandfoes:totem_of_freezing":1},"minecraft:broken":{"minecraft:wooden_axe":1}},"DataVersion":3465}