{"stats":{"minecraft:killed":{"minecraft:pig":3,"minecraft:spider":3,"minecraft:sheep":4,"minecraft:zombie":3,"ars_nouveau:whirlisprig":1,"alexsmobs:fly":1,"minecraft:illusioner":1,"mythicmobs:mushroom_thing":1},"minecraft:crafted":{"minecraft:cherry_planks":528,"minecraft:wooden_sword":1,"expanded_combat:stone_katana":1,"quark:blossom_planks":4,"minecraft:cooked_porkchop":3,"craftingfun:copper_armor_chestplate":1,"ars_nouveau:archwood_planks":4,"minecraft:crafting_table":3,"minecraft:spruce_planks":60,"craftingfun:copper_pickaxe":1,"comforts:sleeping_bag_white":1,"minecraft:wooden_pickaxe":1,"minecraft:copper_ingot":14,"minecraft:stone_axe":1,"minecraft:cooked_mutton":3,"minecraft:air":0,"biomesoplenty:fir_planks":36,"minecraft:stick":20,"minecraft:iron_pickaxe":2,"minecraft:iron_ingot":8,"minecraft:stone_pickaxe":1,"minecraft:wooden_axe":4,"minecraft:stone_sword":1},"minecraft:used":{"minecraft:stone_pickaxe":45,"minecraft:spruce_planks":3,"minecraft:wooden_pickaxe":12,"minecraft:cherry_planks":1,"minecraft:blue_bed":1,"minecraft:dirt":1,"minecraft:crafting_table":8,"ars_nouveau:archwood_planks":1,"minecraft:white_bed":1,"craftingfun:copper_pickaxe":5,"minecraft:wooden_axe":138,"minecraft:bread":18,"minecraft:iron_pickaxe":10,"minecraft:gravel":2,"minecraft:barrel":3,"minecraft:stone_axe":138,"expanded_combat:stone_katana":41,"minecraft:wooden_sword":38,"minecraft:cobblestone":9,"minecraft:cooked_porkchop":3,"minecraft:furnace":3,"ars_nouveau:sourceberry_bush":16,"comforts:sleeping_bag_white":2,"minecraft:beetroot_soup":1},"minecraft:custom":{"lootr:looted_stat":11,"minecraft:interact_with_furnace":20,"minecraft:mob_kills":18,"tombstone:raider_killed":1,"minecraft:interact_with_crafting_table":15,"minecraft:open_barrel":8,"minecraft:leave_game":1,"minecraft:time_since_death":41026,"minecraft:sleep_in_bed":6,"minecraft:climb_one_cm":958,"minecraft:time_since_rest":3211,"minecraft:waystone_activated":1,"minecraft:sprint_one_cm":186508,"minecraft:damage_taken":1389,"minecraft:walk_one_cm":208756,"minecraft:drop":19,"minecraft:damage_dealt":2522,"minecraft:swim_one_cm":16641,"minecraft:fly_one_cm":478467,"minecraft:talked_to_villager":2,"minecraft:crouch_one_cm":461,"minecraft:play_time":67224,"tombstone:undead_killed":3,"minecraft:deaths":1,"minecraft:sneak_time":137,"minecraft:walk_under_water_one_cm":1049,"minecraft:jump":2016,"minecraft:walk_on_water_one_cm":6757,"minecraft:interact_with_smoker":2,"minecraft:total_world_time":67224,"minecraft:fall_one_cm":66793,"minecraft:horse_one_cm":20930},"minecraft:mined":{"minecraft:white_bed":1,"minecraft:cherry_log":132,"minecraft:powder_snow":27,"minecraft:crafting_table":5,"minecraft:grass_block":1,"quark:blossom_log":45,"minecraft:copper_ore":11,"minecraft:cobblestone":6,"minecraft:sugar_cane":2,"minecraft:blue_bed":1,"minecraft:pink_petals":2,"ars_nouveau:blue_archwood_log":61,"minecraft:furnace":4,"minecraft:wheat":63,"ars_nouveau:archwood_planks":1,"minecraft:iron_ore":8,"minecraft:barrel":3,"minecraft:spruce_log":10,"biomesoplenty:fir_log":9,"minecraft:pumpkin":7,"craftingfun:zeratium_ore":4,"minecraft:grass":4,"minecraft:coal_ore":17,"minecraft:gravel":3,"minecraft:dirt":1,"minecraft:stone":19,"minecraft:fern":1},"minecraft:killed_by":{"minecraft:illusioner":1},"minecraft:picked_up":{"minecraft:wheat":9,"minecraft:pink_petals":7,"minecraft:crafting_table":5,"friendsandfoes:totem_of_illusion":2,"biomesoplenty:fir_log":9,"ars_nouveau:archwood_planks":1,"minecraft:dirt":15,"minecraft:blue_bed":1,"minecraft:raw_copper":29,"minecraft:beetroot_soup":1,"minecraft:bone":1,"minecraft:wheat_seeds":71,"comforts:sleeping_bag_white":2,"alexsmobs:raccoon_tail":1,"minecraft:bamboo":19,"minecraft:sugar_cane":8,"minecraft:furnace":3,"minecraft:stick":46,"minecraft:raw_iron":8,"minecraft:pumpkin":7,"ars_nouveau:blue_archwood_log":61,"minecraft:porkchop":3,"quark:blossom_log":1,"minecraft:gravel":3,"craftingfun:zeratium":4,"minecraft:cherry_log":132,"minecraft:spruce_sapling":4,"tombstone:grave_dust":2,"minecraft:white_bed":1,"minecraft:spruce_log":9,"minecraft:barrel":3,"minecraft:bundle":1,"minecraft:arrow":2,"minecraft:rotten_flesh":6,"expanded_combat:stone_katana":1,"minecraft:stone_axe":1,"minecraft:cherry_sapling":87,"minecraft:bread":5,"minecraft:emerald":2,"ars_nouveau:sourceberry_bush":14,"minecraft:mutton":3,"minecraft:white_wool":5,"minecraft:coal":21,"minecraft:cobblestone":18},"minecraft:broken":{"minecraft:stone_axe":1,"minecraft:wooden_sword":1,"minecraft:wooden_axe":2},"minecraft:dropped":{"minecraft:gravel":1,"minecraft:stone_axe":1,"minecraft:wheat_seeds":10,"minecraft:beetroot_seeds":6,"minecraft:potion":1,"expanded_combat:stone_katana":1,"alexsmobs:raccoon_tail":1,"minecraft:white_wool":1,"minecraft:bone":1,"minecraft:spruce_sapling":4}},"DataVersion":3465}