{"stats":{"minecraft:custom":{"minecraft:time_since_rest":9724,"minecraft:sprint_one_cm":12173,"minecraft:damage_taken":200,"minecraft:walk_one_cm":23714,"minecraft:mob_kills":4,"minecraft:damage_dealt":723,"minecraft:swim_one_cm":1969,"minecraft:interact_with_crafting_table":2,"minecraft:fly_one_cm":42733,"minecraft:crouch_one_cm":328,"minecraft:play_time":9724,"tombstone:undead_killed":3,"minecraft:sneak_time":121,"minecraft:walk_under_water_one_cm":1645,"minecraft:jump":206,"minecraft:walk_on_water_one_cm":6041,"minecraft:time_since_death":9724,"minecraft:total_world_time":9724,"minecraft:fall_one_cm":4060},"minecraft:crafted":{"minecraft:spruce_planks":32,"minecraft:stick":12,"minecraft:wooden_pickaxe":1,"minecraft:stone_pickaxe":1,"minecraft:stone_sword":1,"minecraft:stone_axe":1},"minecraft:picked_up":{"tombstone:grave_dust":2,"minecraft:spruce_log":8,"minecraft:arrow":3,"minecraft:bone":3,"minecraft:rotten_flesh":2,"minecraft:kelp":3,"minecraft:wheat_seeds":1,"alexsmobs:cockroach_wing_fragment":1,"alexsmobs:cooked_lobster_tail":10,"minecraft:coal":29,"minecraft:cobblestone":13},"minecraft:killed":{"minecraft:skeleton":2,"minecraft:zombie":1,"alexsmobs:cockroach":1},"minecraft:mined":{"minecraft:kelp_plant":1,"ars_nouveau:light_block":1,"minecraft:spruce_log":9,"minecraft:coal_ore":31,"minecraft:stone":12},"minecraft:used":{"minecraft:stone_sword":16,"minecraft:stone_pickaxe":31,"alexsmobs:cooked_lobster_tail":2,"minecraft:wooden_pickaxe":14,"alexsmobs:animal_dictionary":1}},"DataVersion":3465}