{"stats":{"minecraft:dropped":{"minecraft:wheat_seeds":10,"craftingfun:znibus_armor_boots":1,"minecraft:potion":1,"expanded_combat:stone_katana":1,"alexsmobs:raccoon_tail":1,"minecraft:white_wool":1,"minecraft:spruce_sapling":4,"minecraft:bone":1,"minecraft:gravel":1,"minecraft:stone_axe":1,"ars_nouveau:wilden_spike":2,"craftingfun:znibus_armor_leggings":1,"minecraft:beetroot_seeds":6},"minecraft:custom":{"lootr:looted_stat":11,"minecraft:interact_with_anvil":1,"minecraft:mob_kills":30,"minecraft:interact_with_crafting_table":28,"minecraft:open_barrel":56,"minecraft:leave_game":3,"minecraft:time_since_death":114954,"minecraft:climb_one_cm":1260,"minecraft:sprint_one_cm":279891,"minecraft:walk_one_cm":372056,"minecraft:drop":23,"minecraft:talked_to_villager":3,"minecraft:play_time":141152,"minecraft:deaths":1,"minecraft:sneak_time":5431,"minecraft:walk_under_water_one_cm":5578,"minecraft:jump":3229,"minecraft:walk_on_water_one_cm":9524,"minecraft:total_world_time":141152,"minecraft:interact_with_furnace":49,"tombstone:raider_killed":4,"minecraft:interact_with_stonecutter":7,"minecraft:sleep_in_bed":10,"minecraft:time_since_rest":23649,"minecraft:waystone_activated":1,"minecraft:damage_taken":2231,"minecraft:damage_dealt":4302,"minecraft:open_chest":2,"minecraft:swim_one_cm":24321,"minecraft:fly_one_cm":4092632,"minecraft:crouch_one_cm":13939,"tombstone:undead_killed":6,"minecraft:interact_with_smoker":2,"minecraft:fall_one_cm":104120,"minecraft:horse_one_cm":96917},"minecraft:crafted":{"biomesoplenty:fir_stairs":44,"minecraft:cherry_planks":556,"minecraft:wooden_sword":1,"ars_nouveau:archwood_planks":244,"comforts:sleeping_bag_white":1,"craftingfun:znibus_sword":1,"minecraft:stone":3,"minecraft:cooked_mutton":3,"twilightforest:twilight_oak_planks":4,"minecraft:iron_axe":1,"biomesoplenty:fir_slab":6,"minecraft:stone_pickaxe":1,"quark:cobblestone_bricks_stairs":5,"expanded_combat:stone_katana":1,"quark:blossom_planks":4,"minecraft:cooked_porkchop":3,"craftingfun:copper_armor_chestplate":1,"minecraft:crafting_table":4,"minecraft:spruce_planks":60,"craftingfun:copper_pickaxe":1,"minecraft:wooden_pickaxe":1,"quark:cobblestone_bricks_wall":6,"minecraft:copper_ingot":29,"minecraft:stone_axe":3,"minecraft:air":0,"biomesoplenty:fir_planks":920,"craftingfun:znibus_armor_chestplate":1,"minecraft:stick":20,"minecraft:iron_ingot":18,"minecraft:iron_pickaxe":3,"minecraft:wooden_axe":4,"minecraft:stone_sword":1,"minecraft:iron_shovel":1,"minecraft:stonecutter":1,"minecraft:torch":20},"minecraft:broken":{"minecraft:wooden_sword":1,"minecraft:stone_axe":3,"minecraft:iron_pickaxe":1,"minecraft:wooden_axe":3},"minecraft:killed":{"twilightforest:deer":2,"minecraft:spider":3,"twilightforest:naga":1,"minecraft:illusioner":1,"mythicmobs:mushroom_thing":1,"minecraft:pig":3,"minecraft:sheep":4,"minecraft:pillager":3,"minecraft:zombie":6,"ars_nouveau:whirlisprig":1,"alexsmobs:fly":1},"minecraft:picked_up":{"minecraft:charcoal":2,"minecraft:wheat":9,"minecraft:crafting_table":6,"minecraft:brown_mushroom":1,"friendsandfoes:totem_of_illusion":2,"twilightforest:nagastone":2,"ars_nouveau:archwood_planks":1,"minecraft:raw_copper":29,"minecraft:beetroot_soup":1,"craftingfun:znibus_armor_leggings":2,"biomesoplenty:fir_planks":1,"comforts:sleeping_bag_white":3,"twilightforest:nagastone_head":2,"minecraft:azalea":1,"craftingfun:znibus_armor_boots":2,"travelersbackpack:black_sleeping_bag":1,"alexsmobs:raccoon_tail":1,"minecraft:sugar_cane":8,"minecraft:furnace":3,"minecraft:stick":60,"minecraft:raw_iron":8,"minecraft:torch":4,"minecraft:porkchop":3,"craftingfun:zeratium":4,"ars_nouveau:blue_archwood_log":61,"quark:blossom_log":1,"minecraft:cherry_log":139,"tombstone:grave_dust":2,"twilightforest:firefly":1,"minecraft:arrow":4,"minecraft:rotten_flesh":13,"ars_nouveau:sourceberry_bush":14,"minecraft:mutton":3,"minecraft:white_wool":5,"minecraft:cobblestone":284,"minecraft:pink_petals":71,"twilightforest:twilight_oak_log":1,"minecraft:cherry_planks":1,"minecraft:leather":2,"craftingfun:znibus_armor_helmet":1,"biomesoplenty:fir_sapling":26,"biomesoplenty:fir_log":230,"minecraft:oak_log":2,"biomesoplenty:fir_stairs":1,"minecraft:blue_bed":1,"minecraft:dirt":185,"minecraft:white_banner":1,"twilightforest:raw_venison":5,"minecraft:bone":1,"minecraft:wheat_seeds":78,"minecraft:iron_ingot":5,"minecraft:bamboo":19,"minecraft:pumpkin":7,"minecraft:gravel":3,"craftingfun:znibus":11,"minecraft:spruce_sapling":4,"minecraft:white_bed":1,"minecraft:spruce_log":9,"ars_nouveau:wilden_spike":2,"quark:cobblestone_bricks_wall":1,"minecraft:barrel":3,"quark:cobblestone_bricks":8,"minecraft:bundle":1,"quark:cobblestone_bricks_stairs":5,"twilightforest:twilight_oak_sapling":1,"expanded_combat:stone_katana":1,"minecraft:stone_axe":1,"minecraft:granite":1,"minecraft:cherry_sapling":87,"minecraft:emerald":2,"minecraft:bread":5,"minecraft:coal":84},"minecraft:mined":{"twilightforest:firefly":1,"minecraft:white_bed":1,"minecraft:cherry_log":139,"minecraft:granite":1,"minecraft:grass_block":137,"quark:cobblestone_bricks_wall":1,"twilightforest:nagastone_head":2,"minecraft:furnace":4,"minecraft:iron_ore":8,"minecraft:barrel":3,"minecraft:pumpkin":7,"biomesoplenty:fir_stairs":1,"minecraft:azalea_leaves":16,"travelersbackpack:black_sleeping_bag":1,"minecraft:stone":155,"quark:cobblestone_bricks_stairs":5,"minecraft:cherry_planks":1,"minecraft:powder_snow":27,"minecraft:crafting_table":6,"minecraft:torch":2,"quark:cobblestone_bricks":8,"biomesoplenty:fir_planks":1,"twilightforest:twilight_oak_log":1,"quark:blossom_log":45,"minecraft:campfire":1,"twilightforest:nagastone":2,"minecraft:copper_ore":11,"minecraft:cobblestone":140,"minecraft:sugar_cane":2,"minecraft:wall_torch":2,"minecraft:blue_bed":1,"minecraft:pink_petals":7,"ars_nouveau:blue_archwood_log":61,"ars_nouveau:archwood_planks":1,"minecraft:wheat":63,"minecraft:spruce_log":10,"biomesoplenty:fir_log":305,"craftingfun:zeratium_ore":4,"minecraft:grass":17,"minecraft:oak_log":2,"minecraft:coal_ore":80,"biomesoplenty:fir_leaves":15,"minecraft:gravel":3,"minecraft:dirt":35,"minecraft:fern":3},"minecraft:used":{"minecraft:iron_shovel":150,"minecraft:spruce_planks":3,"travelersbackpack:black_sleeping_bag":1,"minecraft:torch":4,"minecraft:dirt":24,"craftingfun:copper_pickaxe":5,"minecraft:wooden_axe":190,"minecraft:iron_axe":1,"twilightforest:twilight_oak_planks":4,"minecraft:barrel":3,"minecraft:furnace":3,"ars_nouveau:sourceberry_bush":16,"comforts:sleeping_bag_white":4,"minecraft:beetroot_soup":1,"minecraft:cooked_mutton":3,"quark:cobblestone_bricks":166,"minecraft:stone_pickaxe":45,"minecraft:wooden_pickaxe":12,"minecraft:cherry_planks":113,"biomesoplenty:fir_planks":36,"craftingfun:znibus_armor_boots":1,"minecraft:stonecutter":1,"minecraft:blue_bed":1,"twilightforest:twilight_oak_sapling":1,"biomesoplenty:fir_slab":4,"minecraft:crafting_table":10,"ars_nouveau:archwood_planks":1,"minecraft:white_bed":1,"quark:cobblestone_bricks_wall":7,"twilightforest:firefly":1,"minecraft:bread":34,"minecraft:iron_pickaxe":366,"quark:cobblestone_bricks_stairs":5,"biomesoplenty:fir_stairs":7,"twilightforest:nagastone_head":1,"minecraft:gravel":2,"minecraft:stone_axe":405,"expanded_combat:stone_katana":73,"minecraft:wooden_sword":38,"minecraft:cobblestone":35,"minecraft:cooked_porkchop":3,"craftingfun:znibus_sword":28},"minecraft:killed_by":{"minecraft:illusioner":1}},"DataVersion":3465}