{"stats":{"minecraft:killed":{"minecraft:pig":1,"minecraft:zombie":1,"minecraft:illusioner":1},"minecraft:crafted":{"minecraft:wooden_sword":1,"expanded_combat:stone_katana":1,"quark:blossom_planks":4,"minecraft:crafting_table":2,"minecraft:spruce_planks":36,"craftingfun:copper_pickaxe":1,"minecraft:wooden_pickaxe":1,"minecraft:copper_ingot":14,"minecraft:air":0,"minecraft:stick":16,"minecraft:stone_pickaxe":1,"minecraft:wooden_axe":2,"minecraft:stone_sword":1},"minecraft:used":{"minecraft:stone_pickaxe":32,"minecraft:spruce_planks":3,"minecraft:wooden_pickaxe":12,"minecraft:blue_bed":1,"minecraft:crafting_table":6,"minecraft:white_bed":1,"craftingfun:copper_pickaxe":5,"minecraft:wooden_axe":66,"minecraft:bread":9,"minecraft:gravel":2,"expanded_combat:stone_katana":5,"minecraft:wooden_sword":38,"minecraft:furnace":1,"minecraft:beetroot_soup":1},"minecraft:custom":{"lootr:looted_stat":6,"minecraft:interact_with_furnace":7,"minecraft:mob_kills":3,"tombstone:raider_killed":1,"minecraft:interact_with_crafting_table":8,"minecraft:open_barrel":3,"minecraft:leave_game":1,"minecraft:time_since_death":5026,"minecraft:sleep_in_bed":2,"minecraft:climb_one_cm":24,"minecraft:time_since_rest":4520,"minecraft:sprint_one_cm":81010,"minecraft:damage_taken":830,"minecraft:walk_one_cm":110886,"minecraft:drop":3,"minecraft:damage_dealt":743,"minecraft:fly_one_cm":240890,"minecraft:talked_to_villager":2,"minecraft:crouch_one_cm":95,"minecraft:play_time":31224,"tombstone:undead_killed":1,"minecraft:deaths":1,"minecraft:sneak_time":43,"minecraft:walk_under_water_one_cm":734,"minecraft:jump":959,"minecraft:walk_on_water_one_cm":2721,"minecraft:interact_with_smoker":2,"minecraft:total_world_time":31224,"minecraft:fall_one_cm":29609},"minecraft:mined":{"minecraft:white_bed":1,"minecraft:powder_snow":22,"minecraft:crafting_table":5,"quark:blossom_log":45,"minecraft:copper_ore":11,"minecraft:sugar_cane":2,"minecraft:blue_bed":1,"minecraft:furnace":3,"minecraft:iron_ore":2,"minecraft:barrel":3,"minecraft:spruce_log":10,"minecraft:pumpkin":7,"craftingfun:zeratium_ore":4,"minecraft:coal_ore":7,"minecraft:gravel":3,"minecraft:stone":19},"minecraft:killed_by":{"minecraft:illusioner":1},"minecraft:picked_up":{"minecraft:crafting_table":5,"friendsandfoes:totem_of_illusion":2,"minecraft:blue_bed":1,"minecraft:raw_copper":29,"minecraft:beetroot_soup":1,"minecraft:wheat_seeds":2,"minecraft:sugar_cane":8,"minecraft:furnace":2,"minecraft:stick":2,"minecraft:raw_iron":2,"minecraft:pumpkin":7,"quark:blossom_log":1,"minecraft:gravel":3,"craftingfun:zeratium":4,"minecraft:spruce_sapling":4,"minecraft:white_bed":1,"minecraft:spruce_log":9,"minecraft:barrel":3,"minecraft:bundle":1,"minecraft:arrow":1,"minecraft:rotten_flesh":2,"minecraft:emerald":2,"minecraft:coal":7,"minecraft:cobblestone":17},"minecraft:broken":{"minecraft:wooden_sword":1,"minecraft:wooden_axe":1},"minecraft:dropped":{"minecraft:gravel":1,"minecraft:beetroot_seeds":6,"minecraft:potion":1}},"DataVersion":3465}