{"stats":{"minecraft:killed":{"minecraft:pig":1},"minecraft:crafted":{"minecraft:wooden_sword":1,"minecraft:crafting_table":1,"minecraft:spruce_planks":36,"minecraft:stick":8,"minecraft:wooden_pickaxe":1,"minecraft:wooden_axe":1},"minecraft:used":{"minecraft:wooden_axe":15,"minecraft:bread":7,"minecraft:spruce_planks":3,"minecraft:wooden_pickaxe":8,"minecraft:wooden_sword":10,"minecraft:crafting_table":2},"minecraft:custom":{"minecraft:time_since_rest":7224,"minecraft:sprint_one_cm":35010,"lootr:looted_stat":1,"minecraft:damage_taken":300,"minecraft:walk_one_cm":23901,"minecraft:mob_kills":1,"minecraft:damage_dealt":81,"minecraft:interact_with_crafting_table":3,"minecraft:fly_one_cm":114238,"minecraft:crouch_one_cm":95,"minecraft:play_time":7224,"minecraft:sneak_time":18,"minecraft:jump":399,"minecraft:leave_game":1,"minecraft:time_since_death":7224,"minecraft:total_world_time":7224,"minecraft:interact_with_smoker":2,"minecraft:climb_one_cm":24,"minecraft:fall_one_cm":13891},"minecraft:mined":{"minecraft:spruce_log":10,"minecraft:pumpkin":7,"minecraft:crafting_table":2,"minecraft:coal_ore":5,"minecraft:gravel":3,"minecraft:stone":3,"minecraft:sugar_cane":1,"minecraft:blue_bed":1},"minecraft:picked_up":{"minecraft:stick":2,"minecraft:crafting_table":2,"minecraft:pumpkin":7,"minecraft:gravel":3,"minecraft:spruce_sapling":4,"minecraft:spruce_log":9,"minecraft:blue_bed":1,"minecraft:sugar_cane":3,"minecraft:coal":5,"minecraft:cobblestone":3}},"DataVersion":3465}