{"stats":{"minecraft:killed":{"minecraft:zombie":1,"minecraft:pig":1},"minecraft:crafted":{"minecraft:wooden_sword":1,"minecraft:crafting_table":1,"minecraft:spruce_planks":36,"minecraft:stick":8,"minecraft:wooden_pickaxe":1,"minecraft:stone_pickaxe":1,"minecraft:wooden_axe":2},"minecraft:used":{"minecraft:wooden_axe":61,"minecraft:stone_pickaxe":7,"minecraft:bread":9,"minecraft:spruce_planks":3,"minecraft:wooden_pickaxe":12,"minecraft:blue_bed":1,"minecraft:gravel":2,"minecraft:wooden_sword":38,"minecraft:crafting_table":4,"minecraft:white_bed":1,"minecraft:beetroot_soup":1},"minecraft:custom":{"minecraft:time_since_rest":1449,"minecraft:interact_with_furnace":1,"minecraft:sprint_one_cm":49139,"lootr:looted_stat":2,"minecraft:damage_taken":550,"minecraft:walk_one_cm":81555,"minecraft:mob_kills":2,"minecraft:damage_dealt":478,"minecraft:talked_to_villager":1,"minecraft:interact_with_crafting_table":5,"minecraft:fly_one_cm":169280,"minecraft:open_barrel":3,"minecraft:crouch_one_cm":95,"minecraft:play_time":19224,"tombstone:undead_killed":1,"minecraft:sneak_time":43,"minecraft:walk_under_water_one_cm":734,"minecraft:jump":675,"minecraft:leave_game":1,"minecraft:walk_on_water_one_cm":907,"minecraft:time_since_death":19224,"minecraft:sleep_in_bed":2,"minecraft:total_world_time":19224,"minecraft:interact_with_smoker":2,"minecraft:climb_one_cm":24,"minecraft:fall_one_cm":22287},"minecraft:mined":{"minecraft:white_bed":1,"minecraft:furnace":1,"minecraft:iron_ore":2,"minecraft:spruce_log":10,"minecraft:powder_snow":22,"minecraft:pumpkin":7,"minecraft:crafting_table":3,"minecraft:coal_ore":7,"minecraft:gravel":3,"quark:blossom_log":45,"minecraft:copper_ore":2,"minecraft:stone":5,"minecraft:sugar_cane":2,"minecraft:blue_bed":1},"minecraft:picked_up":{"minecraft:raw_iron":2,"minecraft:stick":2,"minecraft:crafting_table":3,"minecraft:pumpkin":7,"minecraft:gravel":3,"quark:blossom_log":1,"minecraft:spruce_sapling":4,"minecraft:white_bed":1,"minecraft:spruce_log":9,"minecraft:blue_bed":1,"minecraft:raw_copper":6,"minecraft:bundle":1,"minecraft:beetroot_soup":1,"minecraft:rotten_flesh":2,"minecraft:sugar_cane":8,"minecraft:coal":7,"minecraft:cobblestone":3,"minecraft:furnace":1},"minecraft:broken":{"minecraft:wooden_axe":1,"minecraft:wooden_sword":1}},"DataVersion":3465}