{"stats":{"minecraft:custom":{"minecraft:time_since_rest":21724,"minecraft:sprint_one_cm":23498,"minecraft:damage_taken":680,"minecraft:walk_one_cm":55556,"minecraft:mob_kills":6,"minecraft:damage_dealt":1113,"minecraft:swim_one_cm":1969,"minecraft:interact_with_crafting_table":2,"minecraft:fly_one_cm":65674,"minecraft:crouch_one_cm":641,"minecraft:play_time":21724,"tombstone:undead_killed":5,"minecraft:sneak_time":569,"minecraft:walk_under_water_one_cm":3733,"minecraft:jump":488,"minecraft:walk_on_water_one_cm":6641,"minecraft:time_since_death":21724,"minecraft:total_world_time":21724,"minecraft:fall_one_cm":17254},"minecraft:crafted":{"minecraft:spruce_planks":32,"minecraft:stick":12,"minecraft:wooden_pickaxe":1,"minecraft:stone_pickaxe":1,"minecraft:stone_sword":1,"minecraft:stone_axe":1},"minecraft:killed":{"minecraft:skeleton":4,"minecraft:zombie":1,"alexsmobs:cockroach":1},"minecraft:picked_up":{"minecraft:birch_log":5,"biomesoplenty:toadstool":4,"minecraft:stick":23,"biomesoplenty:orange_autumn_sapling":2,"minecraft:oak_log":18,"tombstone:grave_dust":3,"minecraft:spruce_log":8,"minecraft:dark_oak_log":13,"minecraft:dirt":13,"biomesoplenty:yellow_autumn_sapling":5,"biomesoplenty:maple_sapling":11,"minecraft:arrow":7,"minecraft:bone":6,"minecraft:rotten_flesh":2,"minecraft:apple":4,"minecraft:kelp":3,"minecraft:wheat_seeds":2,"alexsmobs:cockroach_wing_fragment":1,"alexsmobs:cooked_lobster_tail":10,"minecraft:coal":71,"minecraft:cobblestone":19},"minecraft:mined":{"minecraft:kelp_plant":1,"ars_nouveau:light_block":1,"minecraft:spruce_log":9,"minecraft:dark_oak_log":13,"minecraft:grass":1,"biomesoplenty:high_grass":3,"minecraft:oak_log":18,"minecraft:coal_ore":73,"biomesoplenty:high_grass_plant":4,"minecraft:stone":18},"minecraft:used":{"minecraft:stone_sword":29,"minecraft:stone_pickaxe":79,"alexsmobs:cooked_lobster_tail":9,"minecraft:wooden_pickaxe":14,"minecraft:stone_axe":34,"minecraft:dirt":9,"alexsmobs:animal_dictionary":1}},"DataVersion":3465}