{"stats":{"minecraft:killed":{"minecraft:pig":3,"minecraft:spider":3,"minecraft:sheep":4,"minecraft:zombie":2,"ars_nouveau:whirlisprig":1,"alexsmobs:fly":1,"minecraft:illusioner":1,"mythicmobs:mushroom_thing":1},"minecraft:crafted":{"minecraft:cherry_planks":528,"minecraft:wooden_sword":1,"expanded_combat:stone_katana":1,"quark:blossom_planks":4,"minecraft:cooked_porkchop":3,"craftingfun:copper_armor_chestplate":1,"minecraft:crafting_table":2,"minecraft:spruce_planks":60,"craftingfun:copper_pickaxe":1,"comforts:sleeping_bag_white":1,"minecraft:wooden_pickaxe":1,"minecraft:copper_ingot":14,"minecraft:stone_axe":1,"minecraft:cooked_mutton":3,"minecraft:air":0,"minecraft:stick":20,"minecraft:stone_pickaxe":1,"minecraft:wooden_axe":2,"minecraft:stone_sword":1},"minecraft:used":{"minecraft:stone_pickaxe":45,"minecraft:spruce_planks":3,"minecraft:wooden_pickaxe":12,"minecraft:blue_bed":1,"minecraft:crafting_table":7,"minecraft:white_bed":1,"craftingfun:copper_pickaxe":5,"minecraft:wooden_axe":66,"minecraft:bread":16,"minecraft:gravel":2,"minecraft:barrel":3,"minecraft:stone_axe":138,"expanded_combat:stone_katana":37,"minecraft:wooden_sword":38,"minecraft:cobblestone":5,"minecraft:cooked_porkchop":2,"minecraft:furnace":3,"ars_nouveau:sourceberry_bush":16,"comforts:sleeping_bag_white":1,"minecraft:beetroot_soup":1},"minecraft:custom":{"lootr:looted_stat":6,"minecraft:interact_with_furnace":18,"minecraft:mob_kills":17,"tombstone:raider_killed":1,"minecraft:interact_with_crafting_table":13,"minecraft:open_barrel":7,"minecraft:leave_game":1,"minecraft:time_since_death":29026,"minecraft:sleep_in_bed":5,"minecraft:climb_one_cm":397,"minecraft:time_since_rest":6081,"minecraft:waystone_activated":1,"minecraft:sprint_one_cm":154163,"minecraft:damage_taken":1340,"minecraft:walk_one_cm":178354,"minecraft:drop":8,"minecraft:damage_dealt":2322,"minecraft:swim_one_cm":16641,"minecraft:fly_one_cm":430633,"minecraft:talked_to_villager":2,"minecraft:crouch_one_cm":95,"minecraft:play_time":55224,"tombstone:undead_killed":2,"minecraft:deaths":1,"minecraft:sneak_time":62,"minecraft:walk_under_water_one_cm":1049,"minecraft:jump":1782,"minecraft:walk_on_water_one_cm":4781,"minecraft:interact_with_smoker":2,"minecraft:total_world_time":55224,"minecraft:fall_one_cm":59098},"minecraft:mined":{"minecraft:white_bed":1,"minecraft:cherry_log":132,"minecraft:powder_snow":27,"minecraft:crafting_table":5,"quark:blossom_log":45,"minecraft:copper_ore":11,"minecraft:cobblestone":6,"minecraft:sugar_cane":2,"minecraft:blue_bed":1,"minecraft:pink_petals":2,"minecraft:furnace":4,"minecraft:iron_ore":8,"minecraft:barrel":3,"minecraft:spruce_log":10,"minecraft:pumpkin":7,"craftingfun:zeratium_ore":4,"minecraft:grass":1,"minecraft:coal_ore":7,"minecraft:gravel":3,"minecraft:stone":19,"minecraft:fern":1},"minecraft:killed_by":{"minecraft:illusioner":1},"minecraft:picked_up":{"minecraft:pink_petals":7,"minecraft:crafting_table":5,"friendsandfoes:totem_of_illusion":2,"minecraft:blue_bed":1,"minecraft:raw_copper":29,"minecraft:beetroot_soup":1,"minecraft:bone":1,"minecraft:wheat_seeds":2,"comforts:sleeping_bag_white":1,"minecraft:bamboo":19,"minecraft:sugar_cane":8,"minecraft:furnace":3,"minecraft:stick":39,"minecraft:raw_iron":8,"minecraft:pumpkin":7,"minecraft:porkchop":3,"quark:blossom_log":1,"minecraft:gravel":3,"craftingfun:zeratium":4,"minecraft:cherry_log":132,"minecraft:spruce_sapling":4,"minecraft:white_bed":1,"minecraft:spruce_log":9,"minecraft:barrel":3,"minecraft:bundle":1,"minecraft:arrow":2,"minecraft:rotten_flesh":4,"expanded_combat:stone_katana":1,"minecraft:stone_axe":1,"minecraft:cherry_sapling":87,"minecraft:bread":5,"minecraft:emerald":2,"ars_nouveau:sourceberry_bush":14,"minecraft:mutton":3,"minecraft:white_wool":5,"minecraft:coal":11,"minecraft:cobblestone":18},"minecraft:broken":{"minecraft:stone_axe":1,"minecraft:wooden_sword":1,"minecraft:wooden_axe":1},"minecraft:dropped":{"minecraft:gravel":1,"minecraft:stone_axe":1,"minecraft:beetroot_seeds":6,"minecraft:potion":1,"expanded_combat:stone_katana":1,"minecraft:white_wool":1,"minecraft:bone":1,"minecraft:spruce_sapling":4}},"DataVersion":3465}